profile_id,metric,week,p25,median,p75
ono_v3_calibrated,price,0,0.100000,0.100000,0.100000
ono_v3_calibrated,price,1,0.036788,0.036788,0.036788
ono_v3_calibrated,price,2,0.013534,0.013534,0.013534
ono_v3_calibrated,price,3,0.004979,0.004979,0.004979
ono_v3_calibrated,price,4,0.001832,0.001832,0.001832
ono_v3_calibrated,price,5,0.000674,0.000674,0.000674
ono_v3_calibrated,price,6,0.000248,0.000248,0.000248
ono_v3_calibrated,price,7,0.000100,0.000100,0.000100
ono_v3_calibrated,price,8,0.000272,0.000272,0.000272
ono_v3_calibrated,price,9,0.000100,0.000100,0.000100
ono_v3_calibrated,supply,0,414632728.508997,414632743.582455,414632743.582455
ono_v3_calibrated,supply,1,419261962.236800,419262011.732778,419262011.732778
ono_v3_calibrated,supply,2,423876170.472646,423876179.968623,423876179.968623
ono_v3_calibrated,supply,3,428415353.791647,428415489.295670,428415489.295670
ono_v3_calibrated,supply,4,432752813.827978,432753104.332000,432753104.332000
ono_v3_calibrated,supply,5,436542501.061252,436542926.565274,436542926.565274
ono_v3_calibrated,supply,6,438841286.833344,438841832.337366,438841832.337366
ono_v3_calibrated,supply,7,437650976.047368,437651626.551390,437651626.551390
ono_v3_calibrated,supply,8,440159330.530539,440160076.034562,440160076.034562
ono_v3_calibrated,supply,9,438970464.744564,438971295.248586,438971295.248586
ono_v3_calibrated,minted,0,4657309.214024,4657309.214024,4657309.214024
ono_v3_calibrated,minted,1,4657309.214024,4657309.214024,4657309.214024
ono_v3_calibrated,minted,2,4657394.214024,4657434.214024,4657434.214024
ono_v3_calibrated,minted,3,4656674.214024,4656819.214024,4656819.214024
ono_v3_calibrated,minted,4,4656859.214024,4657014.214024,4657014.214024
ono_v3_calibrated,minted,5,4657904.214024,4658039.214024,4658039.214024
ono_v3_calibrated,minted,6,4658844.214024,4658964.214024,4658964.214024
ono_v3_calibrated,minted,7,4659689.214024,4659794.214024,4659794.214024
ono_v3_calibrated,minted,8,4660449.214024,4660544.214024,4660544.214024
ono_v3_calibrated,minted,9,4661134.214024,4661219.214024,4661219.214024
ono_v3_calibrated,burned,0,24565.631569,24580.705027,24580.705027
ono_v3_calibrated,burned,1,28041.063702,28075.486221,28075.486221
ono_v3_calibrated,burned,2,43225.978179,43225.978179,43225.978179
ono_v3_calibrated,burned,3,117500.391001,117500.391001,117500.391001
ono_v3_calibrated,burned,4,319399.177694,319399.177694,319399.177694
ono_v3_calibrated,burned,5,868216.980750,868216.980750,868216.980750
ono_v3_calibrated,burned,6,2360058.441933,2360058.441933,2360058.441933
ono_v3_calibrated,burned,7,5850000.000000,5850000.000000,5850000.000000
ono_v3_calibrated,burned,8,2152094.730853,2152094.730853,2152094.730853
ono_v3_calibrated,burned,9,5850000.000000,5850000.000000,5850000.000000
ono_v3_calibrated,providers,0,3000.000000,3000.000000,3000.000000
ono_v3_calibrated,providers,1,3000.000000,3000.000000,3000.000000
ono_v3_calibrated,providers,2,2962.500000,2974.500000,2974.500000
ono_v3_calibrated,providers,3,3147.000000,3190.500000,3190.500000
ono_v3_calibrated,providers,4,3088.500000,3135.000000,3135.000000
ono_v3_calibrated,providers,5,2781.000000,2821.500000,2821.500000
ono_v3_calibrated,providers,6,2503.500000,2539.500000,2539.500000
ono_v3_calibrated,providers,7,2254.500000,2286.000000,2286.000000
ono_v3_calibrated,providers,8,2029.500000,2058.000000,2058.000000
ono_v3_calibrated,providers,9,1827.000000,1852.500000,1852.500000
ono_v3_calibrated,capacity,0,535104.014586,542023.754914,542023.754914
ono_v3_calibrated,capacity,1,535104.014586,542023.754914,542023.754914
ono_v3_calibrated,capacity,2,529598.227626,538308.217868,538308.217868
ono_v3_calibrated,capacity,3,565280.343286,577390.069044,577390.069044
ono_v3_calibrated,capacity,4,555933.030539,567598.667390,567598.667390
ono_v3_calibrated,capacity,5,501285.688497,509886.879565,509886.879565
ono_v3_calibrated,capacity,6,451088.523089,459342.325515,459342.325515
ono_v3_calibrated,capacity,7,406802.888568,413476.221044,413476.221044
ono_v3_calibrated,capacity,8,366004.502043,371697.281150,371697.281150
ono_v3_calibrated,capacity,9,328161.489352,334270.349860,334270.349860
ono_v3_calibrated,utilization,0,3.320888,3.363832,3.363832
ono_v3_calibrated,utilization,1,3.320888,3.363832,3.363832
ono_v3_calibrated,utilization,2,3.343809,3.398803,3.398803
ono_v3_calibrated,utilization,3,3.117477,3.184261,3.184261
ono_v3_calibrated,utilization,4,3.171255,3.237800,3.237800
ono_v3_calibrated,utilization,5,3.530195,3.590767,3.590767
ono_v3_calibrated,utilization,6,3.918646,3.990348,3.990348
ono_v3_calibrated,utilization,7,4.353334,4.424747,4.424747
ono_v3_calibrated,utilization,8,4.842650,4.917972,4.917972
ono_v3_calibrated,utilization,9,5.384863,5.485104,5.485104
ono_v3_calibrated,solvencyScore,0,0.005275,0.005278,0.005278
ono_v3_calibrated,solvencyScore,1,0.006021,0.006028,0.006028
ono_v3_calibrated,solvencyScore,2,0.009281,0.009281,0.009281
ono_v3_calibrated,solvencyScore,3,0.025232,0.025233,0.025233
ono_v3_calibrated,solvencyScore,4,0.068585,0.068587,0.068587
ono_v3_calibrated,solvencyScore,5,0.186391,0.186396,0.186396
ono_v3_calibrated,solvencyScore,6,0.506563,0.506576,0.506576
ono_v3_calibrated,solvencyScore,7,1.255420,1.255449,1.255449
ono_v3_calibrated,solvencyScore,8,0.461769,0.461778,0.461778
ono_v3_calibrated,solvencyScore,9,1.255036,1.255059,1.255059
ono_v3_calibrated,profit_avg_provider,0,124.633013,124.846055,124.846055
ono_v3_calibrated,profit_avg_provider,1,26.500316,26.713358,26.713358
ono_v3_calibrated,profit_avg_provider,2,-9.119346,-9.074936,-9.074936
ono_v3_calibrated,profit_avg_provider,3,-22.616051,-22.574426,-22.574426
ono_v3_calibrated,profit_avg_provider,4,-27.167804,-26.943036,-26.943036
ono_v3_calibrated,profit_avg_provider,5,-28.835749,-28.636880,-28.636880
ono_v3_calibrated,profit_avg_provider,6,-29.307631,-29.296479,-29.296479
ono_v3_calibrated,profit_avg_provider,7,-29.396406,-29.241828,-29.241828
ono_v3_calibrated,profit_avg_provider,8,-29.004277,-28.788226,-28.788226
ono_v3_calibrated,profit_avg_provider,9,-29.594134,-29.138279,-29.138279
ono_v3_calibrated,incentive_ratio,0,0.500000,0.500000,0.500000
ono_v3_calibrated,incentive_ratio,1,0.500000,0.500000,0.500000
ono_v3_calibrated,incentive_ratio,2,0.500000,0.500000,0.500000
ono_v3_calibrated,incentive_ratio,3,0.500000,0.500000,0.500000
ono_v3_calibrated,incentive_ratio,4,0.500000,0.500000,0.500000
ono_v3_calibrated,incentive_ratio,5,0.500000,0.500000,0.500000
ono_v3_calibrated,incentive_ratio,6,4.174788,4.174788,4.174788
ono_v3_calibrated,incentive_ratio,7,0.903698,0.903698,0.903698
ono_v3_calibrated,incentive_ratio,8,-0.293652,-0.290785,-0.290785
ono_v3_calibrated,incentive_ratio,9,-0.757779,-0.754423,-0.754423
ono_v3_calibrated,retention_absolute,0,1.000000,1.000000,1.000000
ono_v3_calibrated,retention_absolute,1,1.000000,1.000000,1.000000
ono_v3_calibrated,retention_absolute,2,0.987500,0.991500,0.991500
ono_v3_calibrated,retention_absolute,3,1.049000,1.063500,1.063500
ono_v3_calibrated,retention_absolute,4,1.029500,1.045000,1.045000
ono_v3_calibrated,retention_absolute,5,0.927000,0.940500,0.940500
ono_v3_calibrated,retention_absolute,6,0.834500,0.846500,0.846500
ono_v3_calibrated,retention_absolute,7,0.751500,0.762000,0.762000
ono_v3_calibrated,retention_absolute,8,0.676500,0.686000,0.686000
ono_v3_calibrated,retention_absolute,9,0.609000,0.617500,0.617500
ono_v3_calibrated,retention_rate,0,1.000000,1.000000,1.000000
ono_v3_calibrated,retention_rate,1,1.000000,1.000000,1.000000
ono_v3_calibrated,retention_rate,2,0.987500,0.991500,0.991500
ono_v3_calibrated,retention_rate,3,0.910380,0.921331,0.921331
ono_v3_calibrated,retention_rate,4,0.900329,0.900381,0.900381
ono_v3_calibrated,retention_rate,5,0.900000,0.900437,0.900437
ono_v3_calibrated,retention_rate,6,0.900053,0.900216,0.900216
ono_v3_calibrated,retention_rate,7,0.900177,0.900539,0.900539
ono_v3_calibrated,retention_rate,8,0.900200,0.900262,0.900262
ono_v3_calibrated,retention_rate,9,0.900146,0.900222,0.900222
helium_bme_v1,price,0,3.000000,3.000000,3.000000
helium_bme_v1,price,1,1.103638,1.103638,1.103638
helium_bme_v1,price,2,0.406006,0.406006,0.406006
helium_bme_v1,price,3,0.149361,0.149361,0.149361
helium_bme_v1,price,4,0.406006,0.406006,0.406006
helium_bme_v1,price,5,0.149361,0.149361,0.149361
helium_bme_v1,price,6,0.406006,0.406006,0.406006
helium_bme_v1,price,7,0.149361,0.149361,0.149361
helium_bme_v1,price,8,0.406006,0.406006,0.406006
helium_bme_v1,price,9,0.149361,0.149361,0.149361
helium_bme_v1,supply,0,180344532.292991,180344627.629391,180344627.629391
helium_bme_v1,supply,1,180666042.073959,180666386.259185,180666386.259185
helium_bme_v1,supply,2,180892771.998298,180893116.183525,180893116.183525
helium_bme_v1,supply,3,180662219.632140,180662563.817367,180662563.817367
helium_bme_v1,supply,4,180912614.139813,180912958.325040,180912958.325040
helium_bme_v1,supply,5,180703336.773655,180703680.958882,180703680.958882
helium_bme_v1,supply,6,180972925.031328,180973269.216555,180973269.216555
helium_bme_v1,supply,7,180780914.331837,180781258.517064,180781258.517064
helium_bme_v1,supply,8,181065996.339510,181066340.524737,181066340.524737
helium_bme_v1,supply,9,180887937.723352,180888281.908579,180888281.908579
helium_bme_v1,minted,0,500000.000000,500000.000000,500000.000000
helium_bme_v1,minted,1,500000.000000,500000.000000,500000.000000
helium_bme_v1,minted,2,500125.000000,500125.000000,500125.000000
helium_bme_v1,minted,3,512612.500000,512612.500000,512612.500000
helium_bme_v1,minted,4,523789.583333,523789.583333,523789.583333
helium_bme_v1,minted,5,533887.500000,533887.500000,533887.500000
helium_bme_v1,minted,6,542983.333333,542983.333333,542983.333333
helium_bme_v1,minted,7,551154.166667,551154.166667,551154.166667
helium_bme_v1,minted,8,558477.083333,558477.083333,558477.083333
helium_bme_v1,minted,9,565106.250000,565106.250000,565106.250000
helium_bme_v1,burned,0,155372.370609,155467.707009,155467.707009
helium_bme_v1,burned,1,178241.370206,178490.219033,178490.219033
helium_bme_v1,burned,2,273395.075660,273395.075660,273395.075660
helium_bme_v1,burned,3,743164.866158,743164.866158,743164.866158
helium_bme_v1,burned,4,273395.075660,273395.075660,273395.075660
helium_bme_v1,burned,5,743164.866158,743164.866158,743164.866158
helium_bme_v1,burned,6,273395.075660,273395.075660,273395.075660
helium_bme_v1,burned,7,743164.866158,743164.866158,743164.866158
helium_bme_v1,burned,8,273395.075660,273395.075660,273395.075660
helium_bme_v1,burned,9,743164.866158,743164.866158,743164.866158
helium_bme_v1,providers,0,370000.000000,370000.000000,370000.000000
helium_bme_v1,providers,1,333000.000000,333000.000000,333000.000000
helium_bme_v1,providers,2,299700.000000,299700.000000,299700.000000
helium_bme_v1,providers,3,269730.000000,269730.000000,269730.000000
helium_bme_v1,providers,4,242905.000000,242905.000000,242905.000000
helium_bme_v1,providers,5,218670.000000,218670.000000,218670.000000
helium_bme_v1,providers,6,196840.000000,196840.000000,196840.000000
helium_bme_v1,providers,7,177230.000000,177230.000000,177230.000000
helium_bme_v1,providers,8,159655.000000,159655.000000,159655.000000
helium_bme_v1,providers,9,143745.000000,143745.000000,143745.000000
helium_bme_v1,capacity,0,65996161.798908,66849596.439405,66849596.439405
helium_bme_v1,capacity,1,59578523.411395,60471236.060824,60471236.060824
helium_bme_v1,capacity,2,53588647.699220,54367804.945418,54367804.945418
helium_bme_v1,capacity,3,48291604.690707,48938243.548938,48938243.548938
helium_bme_v1,capacity,4,43517344.889207,44100777.320617,44100777.320617
helium_bme_v1,capacity,5,39237996.845475,39686793.048465,39686793.048465
helium_bme_v1,capacity,6,35284926.157391,35608908.344816,35608908.344816
helium_bme_v1,capacity,7,31692797.047582,32073748.649818,32073748.649818
helium_bme_v1,capacity,8,28400172.974787,29001501.206093,29001501.206093
helium_bme_v1,capacity,9,25626695.880989,26109119.677844,26109119.677844
helium_bme_v1,utilization,0,3.320888,3.363832,3.363832
helium_bme_v1,utilization,1,3.671167,3.726175,3.726175
helium_bme_v1,utilization,2,4.083299,4.142668,4.142668
helium_bme_v1,utilization,3,4.536330,4.597072,4.597072
helium_bme_v1,utilization,4,5.033925,5.101414,5.101414
helium_bme_v1,utilization,5,5.593800,5.657781,5.657781
helium_bme_v1,utilization,6,6.234395,6.291639,6.291639
helium_bme_v1,utilization,7,6.921548,7.004746,7.004746
helium_bme_v1,utilization,8,7.654776,7.816854,7.816854
helium_bme_v1,utilization,9,8.502776,8.662841,8.662841
helium_bme_v1,solvencyScore,0,0.310745,0.310935,0.310935
helium_bme_v1,solvencyScore,1,0.356483,0.356980,0.356980
helium_bme_v1,solvencyScore,2,0.546653,0.546653,0.546653
helium_bme_v1,solvencyScore,3,1.449760,1.449760,1.449760
helium_bme_v1,solvencyScore,4,0.521956,0.521956,0.521956
helium_bme_v1,solvencyScore,5,1.391988,1.391988,1.391988
helium_bme_v1,solvencyScore,6,0.503505,0.503505,0.503505
helium_bme_v1,solvencyScore,7,1.348379,1.348379,1.348379
helium_bme_v1,solvencyScore,8,0.489537,0.489537,0.489537
helium_bme_v1,solvencyScore,9,1.315089,1.315089,1.315089
helium_bme_v1,profit_avg_provider,0,-4.108780,-4.051969,-4.051969
helium_bme_v1,profit_avg_provider,1,-6.464991,-6.373951,-6.373951
helium_bme_v1,profit_avg_provider,2,-7.461389,-7.334126,-7.334126
helium_bme_v1,profit_avg_provider,3,-7.885155,-7.757956,-7.757956
helium_bme_v1,profit_avg_provider,4,-7.331093,-7.158254,-7.158254
helium_bme_v1,profit_avg_provider,5,-7.819642,-7.671657,-7.671657
helium_bme_v1,profit_avg_provider,6,-7.088698,-6.880776,-6.880776
helium_bme_v1,profit_avg_provider,7,-7.780672,-7.567675,-7.567675
helium_bme_v1,profit_avg_provider,8,-6.839237,-6.565922,-6.565922
helium_bme_v1,profit_avg_provider,9,-7.709289,-7.335487,-7.335487
helium_bme_v1,incentive_ratio,0,-0.493243,-0.493243,-0.493243
helium_bme_v1,incentive_ratio,1,-0.792861,-0.792861,-0.792861
helium_bme_v1,incentive_ratio,2,-0.915310,-0.915310,-0.915310
helium_bme_v1,incentive_ratio,3,-0.964518,-0.964518,-0.964518
helium_bme_v1,incentive_ratio,4,-0.890563,-0.890563,-0.890563
helium_bme_v1,incentive_ratio,5,-0.954416,-0.954416,-0.954416
helium_bme_v1,incentive_ratio,6,-0.860004,-0.860004,-0.860004
helium_bme_v1,incentive_ratio,7,-0.941939,-0.941939,-0.941939
helium_bme_v1,incentive_ratio,8,-0.822473,-0.822473,-0.822473
helium_bme_v1,incentive_ratio,9,-0.926602,-0.926602,-0.926602
helium_bme_v1,retention_absolute,0,1.000000,1.000000,1.000000
helium_bme_v1,retention_absolute,1,0.900000,0.900000,0.900000
helium_bme_v1,retention_absolute,2,0.810000,0.810000,0.810000
helium_bme_v1,retention_absolute,3,0.729000,0.729000,0.729000
helium_bme_v1,retention_absolute,4,0.656500,0.656500,0.656500
helium_bme_v1,retention_absolute,5,0.591000,0.591000,0.591000
helium_bme_v1,retention_absolute,6,0.532000,0.532000,0.532000
helium_bme_v1,retention_absolute,7,0.479000,0.479000,0.479000
helium_bme_v1,retention_absolute,8,0.431500,0.431500,0.431500
helium_bme_v1,retention_absolute,9,0.388500,0.388500,0.388500
helium_bme_v1,retention_rate,0,1.000000,1.000000,1.000000
helium_bme_v1,retention_rate,1,0.900000,0.900000,0.900000
helium_bme_v1,retention_rate,2,0.900000,0.900000,0.900000
helium_bme_v1,retention_rate,3,0.900000,0.900000,0.900000
helium_bme_v1,retention_rate,4,0.900549,0.900549,0.900549
helium_bme_v1,retention_rate,5,0.900228,0.900228,0.900228
helium_bme_v1,retention_rate,6,0.900169,0.900169,0.900169
helium_bme_v1,retention_rate,7,0.900376,0.900376,0.900376
helium_bme_v1,retention_rate,8,0.900835,0.900835,0.900835
helium_bme_v1,retention_rate,9,0.900348,0.900348,0.900348
adaptive_elastic_v1,price,0,4.500000,4.500000,4.500000
adaptive_elastic_v1,price,1,1.655457,1.655457,1.655457
adaptive_elastic_v1,price,2,0.609009,0.609009,0.609009
adaptive_elastic_v1,price,3,0.224042,0.224042,0.224042
adaptive_elastic_v1,price,4,0.082420,0.082420,0.082420
adaptive_elastic_v1,price,5,0.030321,0.030321,0.030321
adaptive_elastic_v1,price,6,0.011154,0.011154,0.011154
adaptive_elastic_v1,price,7,0.004103,0.004103,0.004103
adaptive_elastic_v1,price,8,0.001510,0.001510,0.001510
adaptive_elastic_v1,price,9,0.000555,0.000555,0.000555
adaptive_elastic_v1,supply,0,520981577.393710,520981577.823154,520981577.823154
adaptive_elastic_v1,supply,1,521963055.221005,521963056.631147,521963056.631147
adaptive_elastic_v1,supply,2,522944101.410352,522944102.820494,522944102.820494
adaptive_elastic_v1,supply,3,523922592.929704,523922613.186229,523922613.186229
adaptive_elastic_v1,supply,4,524895207.603395,524895247.859920,524895247.859920
adaptive_elastic_v1,supply,5,525852074.775575,525852156.698767,525852156.698767
adaptive_elastic_v1,supply,6,526766839.342023,526766959.598548,526766959.598548
adaptive_elastic_v1,supply,7,527566429.847649,527566585.104174,527566585.104174
adaptive_elastic_v1,supply,8,528052289.548506,528052476.471697,528052476.471697
adaptive_elastic_v1,supply,9,527684753.259273,527684968.515798,527684968.515798
adaptive_elastic_v1,minted,0,982277.698697,982277.698697,982277.698697
adaptive_elastic_v1,minted,1,982277.698697,982277.698697,982277.698697
adaptive_elastic_v1,minted,2,982277.698697,982277.698697,982277.698697
adaptive_elastic_v1,minted,3,981837.698697,981859.365364,981859.365364
adaptive_elastic_v1,minted,4,981714.365364,981734.365364,981734.365364
adaptive_elastic_v1,minted,5,981602.698697,981644.365364,981644.365364
adaptive_elastic_v1,minted,6,982002.698697,982041.032030,982041.032030
adaptive_elastic_v1,minted,7,982362.698697,982397.698697,982397.698697
adaptive_elastic_v1,minted,8,982686.032030,982717.698697,982717.698697
adaptive_elastic_v1,minted,9,982977.698697,983006.032030,983006.032030
adaptive_elastic_v1,burned,0,699.875543,700.304987,700.304987
adaptive_elastic_v1,burned,1,798.890704,799.871402,799.871402
adaptive_elastic_v1,burned,2,1231.509350,1231.509350,1231.509350
adaptive_elastic_v1,burned,3,3347.589487,3347.589487,3347.589487
adaptive_elastic_v1,burned,4,9099.691672,9099.691672,9099.691672
adaptive_elastic_v1,burned,5,24735.526517,24735.526517,24735.526517
adaptive_elastic_v1,burned,6,67238.132249,67238.132249,67238.132249
adaptive_elastic_v1,burned,7,182772.193071,182772.193071,182772.193071
adaptive_elastic_v1,burned,8,496826.331174,496826.331174,496826.331174
adaptive_elastic_v1,burned,9,1350513.987929,1350513.987929,1350513.987929
adaptive_elastic_v1,providers,0,5000.000000,5000.000000,5000.000000
adaptive_elastic_v1,providers,1,5000.000000,5000.000000,5000.000000
adaptive_elastic_v1,providers,2,5000.000000,5000.000000,5000.000000
adaptive_elastic_v1,providers,3,5627.500000,5660.000000,5660.000000
adaptive_elastic_v1,providers,4,5815.000000,5845.000000,5845.000000
adaptive_elastic_v1,providers,5,5950.000000,6012.500000,6012.500000
adaptive_elastic_v1,providers,6,5355.000000,5412.500000,5412.500000
adaptive_elastic_v1,providers,7,4820.000000,4872.500000,4872.500000
adaptive_elastic_v1,providers,8,4340.000000,4387.500000,4387.500000
adaptive_elastic_v1,providers,9,3907.500000,3950.000000,3950.000000
adaptive_elastic_v1,capacity,0,891840.024310,903372.924857,903372.924857
adaptive_elastic_v1,capacity,1,891840.024310,903372.924857,903372.924857
adaptive_elastic_v1,capacity,2,891840.024310,903372.924857,903372.924857
adaptive_elastic_v1,capacity,3,1009958.347432,1023286.163908,1023286.163908
adaptive_elastic_v1,capacity,4,1047402.071124,1059988.972399,1059988.972399
adaptive_elastic_v1,capacity,5,1075510.151050,1092857.479934,1092857.479934
adaptive_elastic_v1,capacity,6,965970.924950,983981.647127,983981.647127
adaptive_elastic_v1,capacity,7,870157.635459,886531.981498,886531.981498
adaptive_elastic_v1,capacity,8,785008.772879,800024.622544,800024.622544
adaptive_elastic_v1,capacity,9,706494.419601,717599.064838,717599.064838
adaptive_elastic_v1,utilization,0,3.320888,3.363832,3.363832
adaptive_elastic_v1,utilization,1,3.320888,3.363832,3.363832
adaptive_elastic_v1,utilization,2,3.320888,3.363832,3.363832
adaptive_elastic_v1,utilization,3,2.931731,2.970420,2.970420
adaptive_elastic_v1,utilization,4,2.830218,2.864230,2.864230
adaptive_elastic_v1,utilization,5,2.745097,2.789374,2.789374
adaptive_elastic_v1,utilization,6,3.048837,3.105684,3.105684
adaptive_elastic_v1,utilization,7,3.383973,3.447651,3.447651
adaptive_elastic_v1,utilization,8,3.749885,3.821613,3.821613
adaptive_elastic_v1,utilization,9,4.180607,4.246318,4.246318
adaptive_elastic_v1,solvencyScore,0,0.000713,0.000713,0.000713
adaptive_elastic_v1,solvencyScore,1,0.000813,0.000814,0.000814
adaptive_elastic_v1,solvencyScore,2,0.001254,0.001254,0.001254
adaptive_elastic_v1,solvencyScore,3,0.003409,0.003410,0.003410
adaptive_elastic_v1,solvencyScore,4,0.009269,0.009269,0.009269
adaptive_elastic_v1,solvencyScore,5,0.025198,0.025199,0.025199
adaptive_elastic_v1,solvencyScore,6,0.068468,0.068470,0.068470
adaptive_elastic_v1,solvencyScore,7,0.186047,0.186054,0.186054
adaptive_elastic_v1,solvencyScore,8,0.505564,0.505580,0.505580
adaptive_elastic_v1,solvencyScore,9,1.373861,1.373901,1.373901
adaptive_elastic_v1,profit_avg_provider,0,807.523360,808.055965,808.055965
adaptive_elastic_v1,profit_avg_provider,1,248.697225,249.229830,249.229830
adaptive_elastic_v1,profit_avg_provider,2,43.116578,43.649183,43.649183
adaptive_elastic_v1,profit_avg_provider,3,-36.691766,-36.614830,-36.614830
adaptive_elastic_v1,profit_avg_provider,4,-60.891626,-60.766461,-60.766461
adaptive_elastic_v1,profit_avg_provider,5,-69.483049,-69.440470,-69.440470
adaptive_elastic_v1,profit_avg_provider,6,-72.536714,-72.374948,-72.374948
adaptive_elastic_v1,profit_avg_provider,7,-74.420146,-73.549888,-73.549888
adaptive_elastic_v1,profit_avg_provider,8,-74.327170,-73.611256,-73.611256
adaptive_elastic_v1,profit_avg_provider,9,-74.936167,-74.009770,-74.009770
adaptive_elastic_v1,incentive_ratio,0,0.500000,0.500000,0.500000
adaptive_elastic_v1,incentive_ratio,1,10.787332,10.787332,10.787332
adaptive_elastic_v1,incentive_ratio,2,3.336317,3.336317,3.336317
adaptive_elastic_v1,incentive_ratio,3,0.595242,0.595242,0.595242
adaptive_elastic_v1,incentive_ratio,4,-0.481808,-0.478803,-0.478803
adaptive_elastic_v1,incentive_ratio,5,-0.815425,-0.814469,-0.814469
adaptive_elastic_v1,incentive_ratio,6,-0.933998,-0.933302,-0.933302
adaptive_elastic_v1,incentive_ratio,7,-0.973016,-0.972726,-0.972726
adaptive_elastic_v1,incentive_ratio,8,-0.988969,-0.988849,-0.988849
adaptive_elastic_v1,incentive_ratio,9,-0.995492,-0.995442,-0.995442
adaptive_elastic_v1,retention_absolute,0,1.000000,1.000000,1.000000
adaptive_elastic_v1,retention_absolute,1,1.000000,1.000000,1.000000
adaptive_elastic_v1,retention_absolute,2,1.000000,1.000000,1.000000
adaptive_elastic_v1,retention_absolute,3,1.125500,1.132000,1.132000
adaptive_elastic_v1,retention_absolute,4,1.163000,1.169000,1.169000
adaptive_elastic_v1,retention_absolute,5,1.190000,1.202500,1.202500
adaptive_elastic_v1,retention_absolute,6,1.071000,1.082500,1.082500
adaptive_elastic_v1,retention_absolute,7,0.964000,0.974500,0.974500
adaptive_elastic_v1,retention_absolute,8,0.868000,0.877500,0.877500
adaptive_elastic_v1,retention_absolute,9,0.781500,0.790000,0.790000
adaptive_elastic_v1,retention_rate,0,1.000000,1.000000,1.000000
adaptive_elastic_v1,retention_rate,1,1.000000,1.000000,1.000000
adaptive_elastic_v1,retention_rate,2,1.000000,1.000000,1.000000
adaptive_elastic_v1,retention_rate,3,0.975500,0.982000,0.982000
adaptive_elastic_v1,retention_rate,4,0.900044,0.900177,0.900177
adaptive_elastic_v1,retention_rate,5,0.900258,0.900342,0.900342
adaptive_elastic_v1,retention_rate,6,0.900000,0.900208,0.900208
adaptive_elastic_v1,retention_rate,7,0.900093,0.900231,0.900231
adaptive_elastic_v1,retention_rate,8,0.900415,0.900462,0.900462
adaptive_elastic_v1,retention_rate,9,0.900285,0.900346,0.900346
filecoin_v1,price,0,5.000000,5.000000,5.000000
filecoin_v1,price,1,1.839397,1.839397,1.839397
filecoin_v1,price,2,0.676676,0.676676,0.676676
filecoin_v1,price,3,0.248935,0.248935,0.248935
filecoin_v1,price,4,0.091578,0.091578,0.091578
filecoin_v1,price,5,0.033690,0.033690,0.033690
filecoin_v1,price,6,0.012394,0.012394,0.012394
filecoin_v1,price,7,0.004559,0.004559,0.004559
filecoin_v1,price,8,0.001677,0.001677,0.001677
filecoin_v1,price,9,0.000617,0.000617,0.000617
filecoin_v1,supply,0,501903349.936610,501903350.098940,501903350.098940
filecoin_v1,supply,1,503806662.237115,503806662.770149,503806662.770149
filecoin_v1,supply,2,505709811.378476,505709811.911510,505709811.911510
filecoin_v1,supply,3,507611472.308212,507611472.841246,507611472.841246
filecoin_v1,supply,4,509510676.609988,509510691.143022,509510691.143022
filecoin_v1,supply,5,511403730.232860,511403758.765894,511403758.765894
filecoin_v1,supply,6,513281303.537432,513281346.070465,513281346.070465
filecoin_v1,supply,7,515115732.300346,515115788.833380,515115788.833380
filecoin_v1,supply,8,516831924.599058,516831992.798758,516831992.798758
filecoin_v1,supply,9,518225849.963515,518225929.829882,518225929.829882
filecoin_v1,minted,0,1903614.651895,1903614.651895,1903614.651895
filecoin_v1,minted,1,1903614.651895,1903614.651895,1903614.651895
filecoin_v1,minted,2,1903614.651895,1903614.651895,1903614.651895
filecoin_v1,minted,3,1902926.318562,1902926.318562,1902926.318562
filecoin_v1,minted,4,1902643.985228,1902657.985228,1902657.985228
filecoin_v1,minted,5,1902403.651895,1902417.651895,1902417.651895
filecoin_v1,minted,6,1902989.318562,1903003.318562,1903003.318562
filecoin_v1,minted,7,1903516.651895,1903530.651895,1903530.651895
filecoin_v1,minted,8,1903992.651895,1904004.318562,1904004.318562
filecoin_v1,minted,9,1904419.651895,1904431.318562,1904431.318562
filecoin_v1,burned,0,264.552955,264.715285,264.715285
filecoin_v1,burned,1,301.980686,302.351390,302.351390
filecoin_v1,burned,2,465.510534,465.510534,465.510534
filecoin_v1,burned,3,1265.388826,1265.388826,1265.388826
filecoin_v1,burned,4,3439.683452,3439.683452,3439.683452
filecoin_v1,burned,5,9350.029023,9350.029023,9350.029023
filecoin_v1,burned,6,25416.013990,25416.013990,25416.013990
filecoin_v1,burned,7,69087.888981,69087.888981,69087.888981
filecoin_v1,burned,8,187800.353184,187800.353184,187800.353184
filecoin_v1,burned,9,510494.287437,510494.287437,510494.287437
filecoin_v1,providers,0,3500.000000,3500.000000,3500.000000
filecoin_v1,providers,1,3500.000000,3500.000000,3500.000000
filecoin_v1,providers,2,3500.000000,3500.000000,3500.000000
filecoin_v1,providers,3,4016.250000,4016.250000,4016.250000
filecoin_v1,providers,4,4217.500000,4228.000000,4228.000000
filecoin_v1,providers,5,4397.750000,4408.250000,4408.250000
filecoin_v1,providers,6,3958.500000,3969.000000,3969.000000
filecoin_v1,providers,7,3563.000000,3573.500000,3573.500000
filecoin_v1,providers,8,3207.750000,3216.500000,3216.500000
filecoin_v1,providers,9,2887.500000,2896.250000,2896.250000
filecoin_v1,capacity,0,624288.017017,632361.047400,632361.047400
filecoin_v1,capacity,1,624288.017017,632361.047400,632361.047400
filecoin_v1,capacity,2,624288.017017,632361.047400,632361.047400
filecoin_v1,capacity,3,718887.969406,724394.981599,724394.981599
filecoin_v1,capacity,4,758120.495128,764405.837460,764405.837460
filecoin_v1,capacity,5,794185.528623,797782.978058,797782.978058
filecoin_v1,capacity,6,716615.687841,716854.165625,716854.165625
filecoin_v1,capacity,7,643840.267814,645011.004003,645011.004003
filecoin_v1,capacity,8,580013.013760,581770.467364,581770.467364
filecoin_v1,capacity,9,521780.248416,524808.445603,524808.445603
filecoin_v1,utilization,0,3.320888,3.363832,3.363832
filecoin_v1,utilization,1,3.320888,3.363832,3.363832
filecoin_v1,utilization,2,3.320888,3.363832,3.363832
filecoin_v1,utilization,3,2.898971,2.921178,2.921178
filecoin_v1,utilization,4,2.747232,2.770008,2.770008
filecoin_v1,utilization,5,2.632295,2.644218,2.644218
filecoin_v1,utilization,6,2.929466,2.930441,2.930441
filecoin_v1,utilization,7,3.255758,3.261679,3.261679
filecoin_v1,utilization,8,3.609671,3.620608,3.620608
filecoin_v1,utilization,9,4.001460,4.024683,4.024683
filecoin_v1,solvencyScore,0,0.000139,0.000139,0.000139
filecoin_v1,solvencyScore,1,0.000159,0.000159,0.000159
filecoin_v1,solvencyScore,2,0.000245,0.000245,0.000245
filecoin_v1,solvencyScore,3,0.000665,0.000665,0.000665
filecoin_v1,solvencyScore,4,0.001808,0.001808,0.001808
filecoin_v1,solvencyScore,5,0.004915,0.004915,0.004915
filecoin_v1,solvencyScore,6,0.013356,0.013356,0.013356
filecoin_v1,solvencyScore,7,0.036295,0.036295,0.036295
filecoin_v1,solvencyScore,8,0.098634,0.098635,0.098635
filecoin_v1,solvencyScore,9,0.268056,0.268058,0.268058
filecoin_v1,profit_avg_provider,0,2566.396364,2567.461574,2567.461574
filecoin_v1,profit_avg_provider,1,847.376425,848.441635,848.441635
filecoin_v1,profit_avg_provider,2,214.984330,216.049540,216.049540
filecoin_v1,profit_avg_provider,3,-34.715390,-33.792768,-33.792768
filecoin_v1,profit_avg_provider,4,-109.456443,-107.865863,-107.865863
filecoin_v1,profit_avg_provider,5,-136.775385,-134.962098,-134.962098
filecoin_v1,profit_avg_provider,6,-145.588300,-143.246642,-143.246642
filecoin_v1,profit_avg_provider,7,-149.408765,-147.245968,-147.245968
filecoin_v1,profit_avg_provider,8,-151.186835,-148.370675,-148.370675
filecoin_v1,profit_avg_provider,9,-152.245575,-149.247880,-149.247880
filecoin_v1,incentive_ratio,0,0.500000,0.500000,0.500000
filecoin_v1,incentive_ratio,1,0.500000,0.500000,0.500000
filecoin_v1,incentive_ratio,2,0.500000,0.500000,0.500000
filecoin_v1,incentive_ratio,3,0.500000,0.500000,0.500000
filecoin_v1,incentive_ratio,4,17.129663,17.129663,17.129663
filecoin_v1,incentive_ratio,5,5.669530,5.669530,5.669530
filecoin_v1,incentive_ratio,6,1.453583,1.453583,1.453583
filecoin_v1,incentive_ratio,7,-0.213685,-0.213685,-0.213685
filecoin_v1,incentive_ratio,8,-0.725259,-0.724573,-0.724573
filecoin_v1,incentive_ratio,9,-0.903073,-0.902841,-0.902841
filecoin_v1,retention_absolute,0,1.000000,1.000000,1.000000
filecoin_v1,retention_absolute,1,1.000000,1.000000,1.000000
filecoin_v1,retention_absolute,2,1.000000,1.000000,1.000000
filecoin_v1,retention_absolute,3,1.147500,1.147500,1.147500
filecoin_v1,retention_absolute,4,1.205000,1.208000,1.208000
filecoin_v1,retention_absolute,5,1.256500,1.259500,1.259500
filecoin_v1,retention_absolute,6,1.131000,1.134000,1.134000
filecoin_v1,retention_absolute,7,1.018000,1.021000,1.021000
filecoin_v1,retention_absolute,8,0.916500,0.919000,0.919000
filecoin_v1,retention_absolute,9,0.825000,0.827500,0.827500
filecoin_v1,retention_rate,0,1.000000,1.000000,1.000000
filecoin_v1,retention_rate,1,1.000000,1.000000,1.000000
filecoin_v1,retention_rate,2,1.000000,1.000000,1.000000
filecoin_v1,retention_rate,3,0.997500,0.997500,0.997500
filecoin_v1,retention_rate,4,0.919390,0.922004,0.922004
filecoin_v1,retention_rate,5,0.900000,0.900248,0.900248
filecoin_v1,retention_rate,6,0.900119,0.900357,0.900357
filecoin_v1,retention_rate,7,0.900088,0.900353,0.900353
filecoin_v1,retention_rate,8,0.900098,0.900295,0.900295
filecoin_v1,retention_rate,9,0.900164,0.900435,0.900435
akash_v1,price,0,2.500000,2.500000,2.500000
akash_v1,price,1,0.919699,0.919699,0.919699
akash_v1,price,2,0.338338,0.338338,0.338338
akash_v1,price,3,0.124468,0.124468,0.124468
akash_v1,price,4,0.045789,0.045789,0.045789
akash_v1,price,5,0.016845,0.016845,0.016845
akash_v1,price,6,0.006197,0.006197,0.006197
akash_v1,price,7,0.002280,0.002280,0.002280
akash_v1,price,8,0.000839,0.000839,0.000839
akash_v1,price,9,0.000309,0.000309,0.000309
akash_v1,supply,0,230432262.690156,230432262.885894,230432262.885894
akash_v1,supply,1,230864483.793965,230864484.457999,230864484.457999
akash_v1,supply,2,231296603.139992,231296603.804027,231296603.804027
akash_v1,supply,3,231728063.054940,231728063.718975,231728063.718975
akash_v1,supply,4,232157833.361827,232157833.697792,232157833.697792
akash_v1,supply,5,232583084.217577,232583085.220209,232583085.220209
akash_v1,supply,6,232996137.322876,232996138.992175,232996138.992175
akash_v1,supply,7,233375955.285325,233375957.621290,233375957.621290
akash_v1,supply,8,233665360.656000,233665363.658633,233665363.658633
akash_v1,supply,9,233708935.314864,233708938.984162,233708938.984162
akash_v1,minted,0,432474.020720,432474.020720,432474.020720
akash_v1,minted,1,432474.020720,432474.020720,432474.020720
akash_v1,minted,2,432474.020720,432474.020720,432474.020720
akash_v1,minted,3,432424.020720,432424.020720,432424.020720
akash_v1,minted,4,432390.354054,432391.354054,432391.354054
akash_v1,minted,5,432374.687387,432375.354054,432375.354054
akash_v1,minted,6,432417.687387,432418.354054,432418.354054
akash_v1,minted,7,432456.354054,432457.020720,432457.020720
akash_v1,minted,8,432491.354054,432492.020720,432492.020720
akash_v1,minted,9,432522.687387,432523.354054,432523.354054
akash_v1,burned,0,211.134826,211.330564,211.330564
akash_v1,burned,1,252.448615,252.916911,252.916911
akash_v1,burned,2,354.674693,354.674693,354.674693
akash_v1,burned,3,964.105772,964.105772,964.105772
akash_v1,burned,4,2620.711202,2620.711202,2620.711202
akash_v1,burned,5,7123.831637,7123.831637,7123.831637
akash_v1,burned,6,19364.582088,19364.582088,19364.582088
akash_v1,burned,7,52638.391605,52638.391605,52638.391605
akash_v1,burned,8,143085.983378,143085.983378,143085.983378
akash_v1,burned,9,388948.028524,388948.028524,388948.028524
akash_v1,providers,0,1000.000000,1000.000000,1000.000000
akash_v1,providers,1,1000.000000,1000.000000,1000.000000
akash_v1,providers,2,1000.000000,1000.000000,1000.000000
akash_v1,providers,3,1150.000000,1150.000000,1150.000000
akash_v1,providers,4,1248.000000,1251.000000,1251.000000
akash_v1,providers,5,1296.000000,1298.000000,1298.000000
akash_v1,providers,6,1167.000000,1169.000000,1169.000000
akash_v1,providers,7,1051.000000,1053.000000,1053.000000
akash_v1,providers,8,946.000000,948.000000,948.000000
akash_v1,providers,9,852.000000,854.000000,854.000000
akash_v1,capacity,0,178784.227573,180613.089259,180613.089259
akash_v1,capacity,1,178784.227573,180613.089259,180613.089259
akash_v1,capacity,2,178784.227573,180613.089259,180613.089259
akash_v1,capacity,3,205482.842330,208922.035243,208922.035243
akash_v1,capacity,4,223155.257904,227567.057113,227567.057113
akash_v1,capacity,5,231487.933507,236291.201470,236291.201470
akash_v1,capacity,6,209184.332046,213418.118289,213418.118289
akash_v1,capacity,7,187736.255777,192150.634566,192150.634566
akash_v1,capacity,8,168835.589121,172904.124188,172904.124188
akash_v1,capacity,9,152971.140213,155588.106935,155588.106935
akash_v1,utilization,0,6.644037,6.712001,6.712001
akash_v1,utilization,1,6.644037,6.712001,6.712001
akash_v1,utilization,2,6.644037,6.712001,6.712001
akash_v1,utilization,3,5.743769,5.839904,5.839904
akash_v1,utilization,4,5.273171,5.377422,5.377422
akash_v1,utilization,5,5.078479,5.183856,5.183856
akash_v1,utilization,6,5.622765,5.736567,5.736567
akash_v1,utilization,7,6.245100,6.391946,6.391946
akash_v1,utilization,8,6.940262,7.107506,7.107506
akash_v1,utilization,9,7.712672,7.844617,7.844617
akash_v1,solvencyScore,0,0.000488,0.000489,0.000489
akash_v1,solvencyScore,1,0.000584,0.000585,0.000585
akash_v1,solvencyScore,2,0.000820,0.000820,0.000820
akash_v1,solvencyScore,3,0.002230,0.002230,0.002230
akash_v1,solvencyScore,4,0.006061,0.006061,0.006061
akash_v1,solvencyScore,5,0.016476,0.016476,0.016476
akash_v1,solvencyScore,6,0.044782,0.044782,0.044782
akash_v1,solvencyScore,7,0.121719,0.121720,0.121720
akash_v1,solvencyScore,8,0.330841,0.330841,0.330841
akash_v1,solvencyScore,9,0.899253,0.899255,0.899255
akash_v1,profit_avg_provider,0,1039.956918,1040.661023,1040.661023
akash_v1,profit_avg_provider,1,356.517619,357.221723,357.221723
akash_v1,profit_avg_provider,2,105.094351,105.798456,105.798456
akash_v1,profit_avg_provider,3,5.581353,6.201299,6.201299
akash_v1,profit_avg_provider,4,-24.888549,-24.274261,-24.274261
akash_v1,profit_avg_provider,5,-34.948879,-34.141339,-34.141339
akash_v1,profit_avg_provider,6,-38.132658,-37.494023,-37.494023
akash_v1,profit_avg_provider,7,-39.435933,-39.062734,-39.062734
akash_v1,profit_avg_provider,8,-39.970741,-39.643045,-39.643045
akash_v1,profit_avg_provider,9,-40.097304,-39.497243,-39.497243
akash_v1,incentive_ratio,0,0.500000,0.500000,0.500000
akash_v1,incentive_ratio,1,0.500000,0.500000,0.500000
akash_v1,incentive_ratio,2,26.029626,26.029626,26.029626
akash_v1,incentive_ratio,3,8.943644,8.943644,8.943644
akash_v1,incentive_ratio,4,2.658062,2.658062,2.658062
akash_v1,incentive_ratio,5,0.170061,0.170061,0.170061
akash_v1,incentive_ratio,6,-0.604341,-0.603389,-0.603389
akash_v1,incentive_ratio,7,-0.859721,-0.859504,-0.859504
akash_v1,incentive_ratio,8,-0.942694,-0.942595,-0.942595
akash_v1,incentive_ratio,9,-0.976594,-0.976549,-0.976549
akash_v1,retention_absolute,0,1.000000,1.000000,1.000000
akash_v1,retention_absolute,1,1.000000,1.000000,1.000000
akash_v1,retention_absolute,2,1.000000,1.000000,1.000000
akash_v1,retention_absolute,3,1.150000,1.150000,1.150000
akash_v1,retention_absolute,4,1.248000,1.251000,1.251000
akash_v1,retention_absolute,5,1.296000,1.298000,1.298000
akash_v1,retention_absolute,6,1.167000,1.169000,1.169000
akash_v1,retention_absolute,7,1.051000,1.053000,1.053000
akash_v1,retention_absolute,8,0.946000,0.948000,0.948000
akash_v1,retention_absolute,9,0.852000,0.854000,0.854000
akash_v1,retention_rate,0,1.000000,1.000000,1.000000
akash_v1,retention_rate,1,1.000000,1.000000,1.000000
akash_v1,retention_rate,2,1.000000,1.000000,1.000000
akash_v1,retention_rate,3,1.000000,1.000000,1.000000
akash_v1,retention_rate,4,0.954783,0.957391,0.957391
akash_v1,retention_rate,5,0.900080,0.900641,0.900641
akash_v1,retention_rate,6,0.900463,0.900616,0.900616
akash_v1,retention_rate,7,0.900600,0.900770,0.900770
akash_v1,retention_rate,8,0.900095,0.900285,0.900285
akash_v1,retention_rate,9,0.900634,0.900844,0.900844
hivemapper_v1,price,0,0.150000,0.150000,0.150000
hivemapper_v1,price,1,0.055182,0.055182,0.055182
hivemapper_v1,price,2,0.020300,0.020300,0.020300
hivemapper_v1,price,3,0.007468,0.007468,0.007468
hivemapper_v1,price,4,0.002747,0.002747,0.002747
hivemapper_v1,price,5,0.001011,0.001011,0.001011
hivemapper_v1,price,6,0.002747,0.002747,0.002747
hivemapper_v1,price,7,0.001011,0.001011,0.001011
hivemapper_v1,price,8,0.002747,0.002747,0.002747
hivemapper_v1,price,9,0.001011,0.001011,0.001011
hivemapper_v1,supply,0,102678312.163881,102678435.843535,102678435.843535
hivemapper_v1,supply,1,105331039.100428,105331616.255669,105331616.255669
hivemapper_v1,supply,2,107870741.562920,107871184.407680,107871184.407680
hivemapper_v1,supply,3,109811055.790607,109812398.635367,109812398.635367
hivemapper_v1,supply,4,110104304.589016,110106427.433776,110106427.433776
hivemapper_v1,supply,5,105903012.952092,105905855.796852,105905855.796852
hivemapper_v1,supply,6,106212581.750501,106216024.595261,106216024.595261
hivemapper_v1,supply,7,102025990.113578,102029972.958337,102029972.958337
hivemapper_v1,supply,8,102348758.911987,102353221.756747,102353221.756747
hivemapper_v1,supply,9,98174047.275063,98178930.119823,98178930.119823
hivemapper_v1,minted,0,2880000.000000,2880000.000000,2880000.000000
hivemapper_v1,minted,1,2883360.000000,2883540.000000,2883540.000000
hivemapper_v1,minted,2,2893800.000000,2894820.000000,2894820.000000
hivemapper_v1,minted,3,2904420.000000,2905320.000000,2905320.000000
hivemapper_v1,minted,4,2913960.000000,2914740.000000,2914740.000000
hivemapper_v1,minted,5,2922540.000000,2923260.000000,2923260.000000
hivemapper_v1,minted,6,2930280.000000,2930880.000000,2930880.000000
hivemapper_v1,minted,7,2937240.000000,2937780.000000,2937780.000000
hivemapper_v1,minted,8,2943480.000000,2943960.000000,2943960.000000
hivemapper_v1,minted,9,2949120.000000,2949540.000000,2949540.000000
hivemapper_v1,burned,0,201564.156465,201687.836119,201687.836119
hivemapper_v1,burned,1,230359.587866,230633.063453,230633.063453
hivemapper_v1,burned,2,354674.692749,354674.692749,354674.692749
hivemapper_v1,burned,3,964105.772313,964105.772313,964105.772313
hivemapper_v1,burned,4,2620711.201591,2620711.201591,2620711.201591
hivemapper_v1,burned,5,7123831.636924,7123831.636924,7123831.636924
hivemapper_v1,burned,6,2620711.201591,2620711.201591,2620711.201591
hivemapper_v1,burned,7,7123831.636924,7123831.636924,7123831.636924
hivemapper_v1,burned,8,2620711.201591,2620711.201591,2620711.201591
hivemapper_v1,burned,9,7123831.636924,7123831.636924,7123831.636924
hivemapper_v1,providers,0,60000.000000,60000.000000,60000.000000
hivemapper_v1,providers,1,58230.000000,58320.000000,58320.000000
hivemapper_v1,providers,2,52590.000000,53100.000000,53100.000000
hivemapper_v1,providers,3,47340.000000,47790.000000,47790.000000
hivemapper_v1,providers,4,42630.000000,43020.000000,43020.000000
hivemapper_v1,providers,5,38370.000000,38730.000000,38730.000000
hivemapper_v1,providers,6,34560.000000,34860.000000,34860.000000
hivemapper_v1,providers,7,31110.000000,31380.000000,31380.000000
hivemapper_v1,providers,8,28020.000000,28260.000000,28260.000000
hivemapper_v1,providers,9,25230.000000,25440.000000,25440.000000
hivemapper_v1,capacity,0,10702080.291715,10840475.098282,10840475.098282
hivemapper_v1,capacity,1,10447069.436892,10570279.111075,10570279.111075
hivemapper_v1,capacity,2,9440308.795293,9664457.690201,9664457.690201
hivemapper_v1,capacity,3,8539256.223253,8719044.340300,8719044.340300
hivemapper_v1,capacity,4,7672553.857631,7845626.643141,7845626.643141
hivemapper_v1,capacity,5,6898256.280171,7047264.613520,7047264.613520
hivemapper_v1,capacity,6,6225359.202638,6365021.499451,6365021.499451
hivemapper_v1,capacity,7,5582907.546525,5735421.120260,5735421.120260
hivemapper_v1,capacity,8,5015927.092835,5145937.465894,5145937.465894
hivemapper_v1,capacity,9,4511856.044197,4619847.513876,4619847.513876
hivemapper_v1,utilization,0,3.320888,3.363832,3.363832
hivemapper_v1,utilization,1,3.405776,3.445942,3.445942
hivemapper_v1,utilization,2,3.724989,3.813435,3.813435
hivemapper_v1,utilization,3,4.128893,4.215824,4.215824
hivemapper_v1,utilization,4,4.588544,4.692049,4.692049
hivemapper_v1,utilization,5,5.108365,5.218710,5.218710
hivemapper_v1,utilization,6,5.655912,5.782799,5.782799
hivemapper_v1,utilization,7,6.276784,6.448253,6.448253
hivemapper_v1,utilization,8,6.995810,7.177138,7.177138
hivemapper_v1,utilization,9,7.792465,7.978978,7.978978
hivemapper_v1,solvencyScore,0,0.069988,0.070030,0.070030
hivemapper_v1,solvencyScore,1,0.079888,0.079988,0.079988
hivemapper_v1,solvencyScore,2,0.122520,0.122564,0.122564
hivemapper_v1,solvencyScore,3,0.331842,0.331944,0.331944
hivemapper_v1,solvencyScore,4,0.899123,0.899364,0.899364
hivemapper_v1,solvencyScore,5,2.436948,2.437548,2.437548
hivemapper_v1,solvencyScore,6,0.894172,0.894355,0.894355
hivemapper_v1,solvencyScore,7,2.424903,2.425349,2.425349
hivemapper_v1,solvencyScore,8,0.890199,0.890344,0.890344
hivemapper_v1,solvencyScore,9,2.415235,2.415579,2.415579
hivemapper_v1,profit_avg_provider,0,2.098229,2.133736,2.133736
hivemapper_v1,profit_avg_provider,1,-2.324321,-2.285214,-2.285214
hivemapper_v1,profit_avg_provider,2,-3.838658,-3.833966,-3.833966
hivemapper_v1,profit_avg_provider,3,-4.456433,-4.449451,-4.449451
hivemapper_v1,profit_avg_provider,4,-4.703616,-4.697534,-4.697534
hivemapper_v1,profit_avg_provider,5,-4.822862,-4.801117,-4.801117
hivemapper_v1,profit_avg_provider,6,-4.674667,-4.608188,-4.608188
hivemapper_v1,profit_avg_provider,7,-4.832220,-4.754333,-4.754333
hivemapper_v1,profit_avg_provider,8,-4.667159,-4.548087,-4.548087
hivemapper_v1,profit_avg_provider,9,-4.869518,-4.701593,-4.701593
hivemapper_v1,incentive_ratio,0,0.500000,0.500000,0.500000
hivemapper_v1,incentive_ratio,1,0.440000,0.440000,0.440000
hivemapper_v1,incentive_ratio,2,-0.454358,-0.453480,-0.453480
hivemapper_v1,incentive_ratio,3,-0.778738,-0.776514,-0.776514
hivemapper_v1,incentive_ratio,4,-0.909226,-0.908335,-0.908335
hivemapper_v1,incentive_ratio,5,-0.962782,-0.962431,-0.962431
hivemapper_v1,incentive_ratio,6,-0.984747,-0.984600,-0.984600
hivemapper_v1,incentive_ratio,7,-0.953812,-0.953402,-0.953402
hivemapper_v1,incentive_ratio,8,-0.981079,-0.980912,-0.980912
hivemapper_v1,incentive_ratio,9,-0.942769,-0.942269,-0.942269
hivemapper_v1,retention_absolute,0,1.000000,1.000000,1.000000
hivemapper_v1,retention_absolute,1,0.970500,0.972000,0.972000
hivemapper_v1,retention_absolute,2,0.876500,0.885000,0.885000
hivemapper_v1,retention_absolute,3,0.789000,0.796500,0.796500
hivemapper_v1,retention_absolute,4,0.710500,0.717000,0.717000
hivemapper_v1,retention_absolute,5,0.639500,0.645500,0.645500
hivemapper_v1,retention_absolute,6,0.576000,0.581000,0.581000
hivemapper_v1,retention_absolute,7,0.518500,0.523000,0.523000
hivemapper_v1,retention_absolute,8,0.467000,0.471000,0.471000
hivemapper_v1,retention_absolute,9,0.420500,0.424000,0.424000
hivemapper_v1,retention_rate,0,1.000000,1.000000,1.000000
hivemapper_v1,retention_rate,1,0.970500,0.972000,0.972000
hivemapper_v1,retention_rate,2,0.901749,0.911901,0.911901
hivemapper_v1,retention_rate,3,0.900000,0.900171,0.900171
hivemapper_v1,retention_rate,4,0.900188,0.900507,0.900507
hivemapper_v1,retention_rate,5,0.900070,0.900279,0.900279
hivemapper_v1,retention_rate,6,0.900077,0.900704,0.900704
hivemapper_v1,retention_rate,7,0.900172,0.900174,0.900174
hivemapper_v1,retention_rate,8,0.900574,0.900675,0.900675
hivemapper_v1,retention_rate,9,0.900212,0.900428,0.900428
dimo_v1,price,0,0.200000,0.200000,0.200000
dimo_v1,price,1,0.073576,0.073576,0.073576
dimo_v1,price,2,0.027067,0.027067,0.027067
dimo_v1,price,3,0.009957,0.009957,0.009957
dimo_v1,price,4,0.003663,0.003663,0.003663
dimo_v1,price,5,0.001348,0.001348,0.001348
dimo_v1,price,6,0.000496,0.000496,0.000496
dimo_v1,price,7,0.001348,0.001348,0.001348
dimo_v1,price,8,0.000496,0.000496,0.000496
dimo_v1,price,9,0.001348,0.001348,0.001348
dimo_v1,supply,0,71435607.842035,71435631.998217,71435631.998217
dimo_v1,supply,1,72865615.073181,72865694.393658,72865694.393658
dimo_v1,supply,2,74271542.669780,74271621.990257,74271621.990257
dimo_v1,supply,3,75560115.758652,75560345.079129,75560345.079129
dimo_v1,supply,4,76527445.599618,76527799.920095,76527799.920095
dimo_v1,supply,5,76617334.730558,76617801.551035,76617801.551035
dimo_v1,supply,6,74318314.789090,74318894.109567,74318894.109567
dimo_v1,supply,7,74411753.920030,74412433.240507,74412433.240507
dimo_v1,supply,8,72115933.978562,72116700.799039,72116700.799039
dimo_v1,supply,9,72212248.109502,72213089.929979,72213089.929979
dimo_v1,minted,0,1474999.997527,1474999.997527,1474999.997527
dimo_v1,minted,1,1474999.997527,1474999.997527,1474999.997527
dimo_v1,minted,2,1475199.997527,1475199.997527,1475199.997527
dimo_v1,minted,3,1476874.997527,1477024.997527,1477024.997527
dimo_v1,minted,4,1479187.497527,1479312.497527,1479312.497527
dimo_v1,minted,5,1481262.497527,1481374.997527,1481374.997527
dimo_v1,minted,6,1483124.997527,1483237.497527,1483237.497527
dimo_v1,minted,7,1484812.497527,1484912.497527,1484912.497527
dimo_v1,minted,8,1486324.997527,1486412.497527,1486412.497527
dimo_v1,minted,9,1487687.497527,1487762.497527,1487762.497527
dimo_v1,burned,0,39367.999310,39392.155492,39392.155492
dimo_v1,burned,1,44937.602086,44992.766380,44992.766380
dimo_v1,burned,2,69272.400927,69272.400927,69272.400927
dimo_v1,burned,3,188301.908655,188301.908655,188301.908655
dimo_v1,burned,4,511857.656561,511857.656561,511857.656561
dimo_v1,burned,5,1391373.366587,1391373.366587,1391373.366587
dimo_v1,burned,6,3782144.938994,3782144.938994,3782144.938994
dimo_v1,burned,7,1391373.366587,1391373.366587,1391373.366587
dimo_v1,burned,8,3782144.938994,3782144.938994,3782144.938994
dimo_v1,burned,9,1391373.366587,1391373.366587,1391373.366587
dimo_v1,providers,0,25000.000000,25000.000000,25000.000000
dimo_v1,providers,1,25000.000000,25000.000000,25000.000000
dimo_v1,providers,2,24800.000000,24800.000000,24800.000000
dimo_v1,providers,3,22975.000000,23125.000000,23125.000000
dimo_v1,providers,4,20687.500000,20812.500000,20812.500000
dimo_v1,providers,5,18625.000000,18737.500000,18737.500000
dimo_v1,providers,6,16762.500000,16875.000000,16875.000000
dimo_v1,providers,7,15087.500000,15187.500000,15187.500000
dimo_v1,providers,8,13587.500000,13675.000000,13675.000000
dimo_v1,providers,9,12237.500000,12312.500000,12312.500000
dimo_v1,capacity,0,4459200.121548,4516864.624284,4516864.624284
dimo_v1,capacity,1,4459200.121548,4516864.624284,4516864.624284
dimo_v1,capacity,2,4431679.927775,4486879.608862,4486879.608862
dimo_v1,capacity,3,4135283.803333,4159916.202163,4159916.202163
dimo_v1,capacity,4,3746455.313010,3770954.849631,3770954.849631
dimo_v1,capacity,5,3373781.534250,3392091.935588,3392091.935588
dimo_v1,capacity,6,3031276.544678,3051815.675560,3051815.675560
dimo_v1,capacity,7,2732527.054986,2751610.353352,2751610.353352
dimo_v1,capacity,8,2454739.941008,2481724.655097,2481724.655097
dimo_v1,capacity,9,2209349.808534,2232003.726095,2232003.726095
dimo_v1,utilization,0,3.320888,3.363832,3.363832
dimo_v1,utilization,1,3.320888,3.363832,3.363832
dimo_v1,utilization,2,3.343081,3.384721,3.384721
dimo_v1,utilization,3,3.605842,3.627321,3.627321
dimo_v1,utilization,4,3.977772,4.003785,4.003785
dimo_v1,utilization,5,4.422050,4.446050,4.446050
dimo_v1,utilization,6,4.915107,4.948410,4.948410
dimo_v1,utilization,7,5.451353,5.489424,5.489424
dimo_v1,utilization,8,6.044184,6.110627,6.110627
dimo_v1,utilization,9,6.720419,6.789328,6.789328
dimo_v1,solvencyScore,0,0.026690,0.026707,0.026707
dimo_v1,solvencyScore,1,0.030466,0.030504,0.030504
dimo_v1,solvencyScore,2,0.046958,0.046958,0.046958
dimo_v1,solvencyScore,3,0.127487,0.127500,0.127500
dimo_v1,solvencyScore,4,0.346010,0.346040,0.346040
dimo_v1,solvencyScore,5,0.939245,0.939316,0.939316
dimo_v1,solvencyScore,6,2.549925,2.550119,2.550119
dimo_v1,solvencyScore,7,0.937007,0.937070,0.937070
dimo_v1,solvencyScore,8,2.544479,2.544628,2.544628
dimo_v1,solvencyScore,9,0.935212,0.935259,0.935259
dimo_v1,profit_avg_provider,0,9.758913,9.773311,9.773311
dimo_v1,profit_avg_provider,1,2.299890,2.314289,2.314289
dimo_v1,profit_avg_provider,2,-0.422025,-0.407083,-0.407083
dimo_v1,profit_avg_provider,3,-1.370292,-1.342004,-1.342004
dimo_v1,profit_avg_provider,4,-1.729007,-1.684960,-1.684960
dimo_v1,profit_avg_provider,5,-1.885880,-1.832509,-1.832509
dimo_v1,profit_avg_provider,6,-1.947209,-1.891187,-1.891187
dimo_v1,profit_avg_provider,7,-1.862773,-1.797618,-1.797618
dimo_v1,profit_avg_provider,8,-1.945429,-1.887514,-1.887514
dimo_v1,profit_avg_provider,9,-1.851527,-1.778087,-1.778087
dimo_v1,incentive_ratio,0,0.500000,0.500000,0.500000
dimo_v1,incentive_ratio,1,0.500000,0.500000,0.500000
dimo_v1,incentive_ratio,2,4.900000,4.900000,4.900000
dimo_v1,incentive_ratio,3,1.170489,1.170489,1.170489
dimo_v1,incentive_ratio,4,-0.194973,-0.194973,-0.194973
dimo_v1,incentive_ratio,5,-0.682036,-0.679927,-0.679927
dimo_v1,incentive_ratio,6,-0.869827,-0.869029,-0.869029
dimo_v1,incentive_ratio,7,-0.946734,-0.946408,-0.946408
dimo_v1,incentive_ratio,8,-0.978215,-0.978067,-0.978067
dimo_v1,incentive_ratio,9,-0.934126,-0.933685,-0.933685
dimo_v1,retention_absolute,0,1.000000,1.000000,1.000000
dimo_v1,retention_absolute,1,1.000000,1.000000,1.000000
dimo_v1,retention_absolute,2,0.992000,0.992000,0.992000
dimo_v1,retention_absolute,3,0.919000,0.925000,0.925000
dimo_v1,retention_absolute,4,0.827500,0.832500,0.832500
dimo_v1,retention_absolute,5,0.745000,0.749500,0.749500
dimo_v1,retention_absolute,6,0.670500,0.675000,0.675000
dimo_v1,retention_absolute,7,0.603500,0.607500,0.607500
dimo_v1,retention_absolute,8,0.543500,0.547000,0.547000
dimo_v1,retention_absolute,9,0.489500,0.492500,0.492500
dimo_v1,retention_rate,0,1.000000,1.000000,1.000000
dimo_v1,retention_rate,1,1.000000,1.000000,1.000000
dimo_v1,retention_rate,2,0.992000,0.992000,0.992000
dimo_v1,retention_rate,3,0.926411,0.932460,0.932460
dimo_v1,retention_rate,4,0.900000,0.900435,0.900435
dimo_v1,retention_rate,5,0.900300,0.900302,0.900302
dimo_v1,retention_rate,6,0.900000,0.900600,0.900600
dimo_v1,retention_rate,7,0.900000,0.900075,0.900075
dimo_v1,retention_rate,8,0.900412,0.900580,0.900580
dimo_v1,retention_rate,9,0.900366,0.900644,0.900644
grass_v1,price,0,1.500000,1.500000,1.500000
grass_v1,price,1,0.551819,0.551819,0.551819
grass_v1,price,2,0.203003,0.203003,0.203003
grass_v1,price,3,0.074681,0.074681,0.074681
grass_v1,price,4,0.027473,0.027473,0.027473
grass_v1,price,5,0.014406,0.015160,0.015160
grass_v1,price,6,0.039159,0.041210,0.041210
grass_v1,price,7,0.014406,0.015160,0.015160
grass_v1,price,8,0.039159,0.041210,0.041210
grass_v1,price,9,0.014406,0.015160,0.015160
grass_v1,supply,0,246589908.504043,246590037.337015,246590037.337015
grass_v1,supply,1,249149927.772387,249150343.415308,249150343.415308
grass_v1,supply,2,251580474.967441,251580890.610362,251580890.610362
grass_v1,supply,3,253376198.121281,253376613.764202,253376613.764202
grass_v1,supply,4,253446290.619624,253446706.262545,253446706.262545
grass_v1,supply,5,251040496.317236,251299168.770633,251299168.770633
grass_v1,supply,6,251925238.711934,252279224.349418,252279224.349418
grass_v1,supply,7,249519028.766625,250132102.500427,250132102.500427
grass_v1,supply,8,250403771.161324,251112158.079213,251112158.079213
grass_v1,supply,9,247997561.216015,248965036.230221,248965036.230221
grass_v1,minted,0,2800000.000000,2800000.000000,2800000.000000
grass_v1,minted,1,2800000.000000,2800000.000000,2800000.000000
grass_v1,minted,2,2800000.000000,2800000.000000,2800000.000000
grass_v1,minted,3,2800000.000000,2800000.000000,2800000.000000
grass_v1,minted,4,2800000.000000,2800000.000000,2800000.000000
grass_v1,minted,5,2800000.000000,2800000.000000,2800000.000000
grass_v1,minted,6,2800000.000000,2800000.000000,2800000.000000
grass_v1,minted,7,2800000.000000,2800000.000000,2800000.000000
grass_v1,minted,8,2800000.000000,2800000.000000,2800000.000000
grass_v1,minted,9,2800000.000000,2800000.000000,2800000.000000
grass_v1,burned,0,209962.662985,210091.495957,210091.495957
grass_v1,burned,1,239693.921707,239980.731655,239980.731655
grass_v1,burned,2,369452.804947,369452.804947,369452.804947
grass_v1,burned,3,1004276.846159,1004276.846159,1004276.846159
grass_v1,burned,4,2729907.501657,2729907.501657,2729907.501657
grass_v1,burned,5,4947121.848992,5206209.945309,5206209.945309
grass_v1,burned,6,1819944.421214,1915257.605302,1915257.605302
grass_v1,burned,7,4947121.848992,5206209.945309,5206209.945309
grass_v1,burned,8,1819944.421214,1915257.605302,1915257.605302
grass_v1,burned,9,4947121.848992,5206209.945309,5206209.945309
grass_v1,providers,0,2500000.000000,2500000.000000,2500000.000000
grass_v1,providers,1,2488750.000000,2492500.000000,2492500.000000
grass_v1,providers,2,2240000.000000,2243750.000000,2243750.000000
grass_v1,providers,3,2016250.000000,2020000.000000,2020000.000000
grass_v1,providers,4,1815000.000000,1818750.000000,1818750.000000
grass_v1,providers,5,1633750.000000,1637500.000000,1637500.000000
grass_v1,providers,6,1471250.000000,1473750.000000,1473750.000000
grass_v1,providers,7,1325000.000000,1327500.000000,1327500.000000
grass_v1,providers,8,1192500.000000,1195000.000000,1195000.000000
grass_v1,providers,9,1073750.000000,1076250.000000,1076250.000000
grass_v1,capacity,0,445920012.154783,451686462.428410,451686462.428410
grass_v1,capacity,1,445174172.664797,450628038.648222,450628038.648222
grass_v1,capacity,2,400461601.872864,405642137.926978,405642137.926978
grass_v1,capacity,3,359766710.974095,365914247.140955,365914247.140955
grass_v1,capacity,4,323607461.536419,329614409.931242,329614409.931242
grass_v1,capacity,5,291024048.953049,296303120.300052,296303120.300052
grass_v1,capacity,6,262440233.982939,267179088.940147,267179088.940147
grass_v1,capacity,7,236202877.053128,240985719.968968,240985719.968968
grass_v1,capacity,8,212366711.260830,216327859.248265,216327859.248265
grass_v1,capacity,9,191326039.087675,194711345.830250,194711345.830250
grass_v1,utilization,0,3.320888,3.363832,3.363832
grass_v1,utilization,1,3.328688,3.369468,3.369468
grass_v1,utilization,2,3.697841,3.745677,3.745677
grass_v1,utilization,3,4.099321,4.169369,4.169369
grass_v1,utilization,4,4.550772,4.635245,4.635245
grass_v1,utilization,5,5.062383,5.154213,5.154213
grass_v1,utilization,6,5.614212,5.715587,5.715587
grass_v1,utilization,7,6.224435,6.350473,6.350473
grass_v1,utilization,8,6.933920,7.063254,7.063254
grass_v1,utilization,9,7.703711,7.840020,7.840020
grass_v1,solvencyScore,0,0.074987,0.075033,0.075033
grass_v1,solvencyScore,1,0.085605,0.085707,0.085707
grass_v1,solvencyScore,2,0.131947,0.131947,0.131947
grass_v1,solvencyScore,3,0.358670,0.358670,0.358670
grass_v1,solvencyScore,4,0.974967,0.974967,0.974967
grass_v1,solvencyScore,5,1.766829,1.859361,1.859361
grass_v1,solvencyScore,6,0.649980,0.684021,0.684021
grass_v1,solvencyScore,7,1.766829,1.859361,1.859361
grass_v1,solvencyScore,8,0.649980,0.684021,0.684021
grass_v1,solvencyScore,9,1.766829,1.859361,1.859361
grass_v1,profit_avg_provider,0,0.679807,0.679835,0.679835
grass_v1,profit_avg_provider,1,-0.380269,-0.379363,-0.379363
grass_v1,profit_avg_provider,2,-0.746827,-0.746462,-0.746462
grass_v1,profit_avg_provider,3,-0.896647,-0.896509,-0.896509
grass_v1,profit_avg_provider,4,-0.957887,-0.957854,-0.957854
grass_v1,profit_avg_provider,5,-0.975557,-0.974280,-0.974280
grass_v1,profit_avg_provider,6,-0.925716,-0.921930,-0.921930
grass_v1,profit_avg_provider,7,-0.969826,-0.968266,-0.968266
grass_v1,profit_avg_provider,8,-0.908352,-0.903710,-0.903710
grass_v1,profit_avg_provider,9,-0.962766,-0.960858,-0.960858
grass_v1,incentive_ratio,0,2.360000,2.360000,2.360000
grass_v1,incentive_ratio,1,0.239794,0.241662,0.241662
grass_v1,incentive_ratio,2,-0.493341,-0.492493,-0.492493
grass_v1,incentive_ratio,3,-0.792965,-0.792580,-0.792580
grass_v1,incentive_ratio,4,-0.915408,-0.915233,-0.915233
grass_v1,incentive_ratio,5,-0.950621,-0.948154,-0.948154
grass_v1,incentive_ratio,6,-0.850949,-0.843409,-0.843409
grass_v1,incentive_ratio,7,-0.939115,-0.936047,-0.936047
grass_v1,incentive_ratio,8,-0.816108,-0.806882,-0.806882
grass_v1,incentive_ratio,9,-0.924868,-0.921117,-0.921117
grass_v1,retention_absolute,0,1.000000,1.000000,1.000000
grass_v1,retention_absolute,1,0.995500,0.997000,0.997000
grass_v1,retention_absolute,2,0.896000,0.897500,0.897500
grass_v1,retention_absolute,3,0.806500,0.808000,0.808000
grass_v1,retention_absolute,4,0.726000,0.727500,0.727500
grass_v1,retention_absolute,5,0.653500,0.655000,0.655000
grass_v1,retention_absolute,6,0.588500,0.589500,0.589500
grass_v1,retention_absolute,7,0.530000,0.531000,0.531000
grass_v1,retention_absolute,8,0.477000,0.478000,0.478000
grass_v1,retention_absolute,9,0.429500,0.430500,0.430500
grass_v1,retention_rate,0,1.000000,1.000000,1.000000
grass_v1,retention_rate,1,0.995500,0.997000,0.997000
grass_v1,retention_rate,2,0.900050,0.900201,0.900201
grass_v1,retention_rate,3,0.900112,0.900279,0.900279
grass_v1,retention_rate,4,0.900186,0.900371,0.900371
grass_v1,retention_rate,5,0.900138,0.900344,0.900344
grass_v1,retention_rate,6,0.900000,0.900536,0.900536
grass_v1,retention_rate,7,0.900595,0.900763,0.900763
grass_v1,retention_rate,8,0.900000,0.900188,0.900188
grass_v1,retention_rate,9,0.900419,0.900628,0.900628
ionet_v1,price,0,2.000000,2.000000,2.000000
ionet_v1,price,1,0.735759,0.735759,0.735759
ionet_v1,price,2,0.270671,0.270671,0.270671
ionet_v1,price,3,0.099574,0.099574,0.099574
ionet_v1,price,4,0.036631,0.036631,0.036631
ionet_v1,price,5,0.013476,0.013476,0.013476
ionet_v1,price,6,0.004958,0.004958,0.004958
ionet_v1,price,7,0.001824,0.001824,0.001824
ionet_v1,price,8,0.000671,0.000671,0.000671
ionet_v1,price,9,0.000247,0.000247,0.000247
ionet_v1,supply,0,500744333.333333,500744333.333333,500744333.333333
ionet_v1,supply,1,501491233.333333,501491233.333333,501491233.333333
ionet_v1,supply,2,502240443.333333,502240443.333333,502240443.333333
ionet_v1,supply,3,502991732.333333,502991732.333333,502991732.333333
ionet_v1,supply,4,503744882.166667,503744882.166667,503744882.166667
ionet_v1,supply,5,504499713.166667,504499713.166667,504499713.166667
ionet_v1,supply,6,505256058.500000,505256058.500000,505256058.500000
ionet_v1,supply,7,506013764.166667,506013764.166667,506013764.166667
ionet_v1,supply,8,506772689.000000,506772689.000000,506772689.000000
ionet_v1,supply,9,507532717.500000,507532717.500000,507532717.500000
ionet_v1,minted,0,744333.333333,744333.333333,744333.333333
ionet_v1,minted,1,746900.000000,746900.000000,746900.000000
ionet_v1,minted,2,749210.000000,749210.000000,749210.000000
ionet_v1,minted,3,751289.000000,751289.000000,751289.000000
ionet_v1,minted,4,753149.833333,753149.833333,753149.833333
ionet_v1,minted,5,754831.000000,754831.000000,754831.000000
ionet_v1,minted,6,756345.333333,756345.333333,756345.333333
ionet_v1,minted,7,757705.666667,757705.666667,757705.666667
ionet_v1,minted,8,758924.833333,758924.833333,758924.833333
ionet_v1,minted,9,760028.500000,760028.500000,760028.500000
ionet_v1,burned,0,0.000000,0.000000,0.000000
ionet_v1,burned,1,0.000000,0.000000,0.000000
ionet_v1,burned,2,0.000000,0.000000,0.000000
ionet_v1,burned,3,0.000000,0.000000,0.000000
ionet_v1,burned,4,0.000000,0.000000,0.000000
ionet_v1,burned,5,0.000000,0.000000,0.000000
ionet_v1,burned,6,0.000000,0.000000,0.000000
ionet_v1,burned,7,0.000000,0.000000,0.000000
ionet_v1,burned,8,0.000000,0.000000,0.000000
ionet_v1,burned,9,0.000000,0.000000,0.000000
ionet_v1,providers,0,50000.000000,50000.000000,50000.000000
ionet_v1,providers,1,45000.000000,45000.000000,45000.000000
ionet_v1,providers,2,40500.000000,40500.000000,40500.000000
ionet_v1,providers,3,36450.000000,36450.000000,36450.000000
ionet_v1,providers,4,32825.000000,32825.000000,32825.000000
ionet_v1,providers,5,29550.000000,29550.000000,29550.000000
ionet_v1,providers,6,26600.000000,26600.000000,26600.000000
ionet_v1,providers,7,23950.000000,23950.000000,23950.000000
ionet_v1,providers,8,21575.000000,21575.000000,21575.000000
ionet_v1,providers,9,19425.000000,19425.000000,19425.000000
ionet_v1,capacity,0,8918400.243096,9033729.248568,9033729.248568
ionet_v1,capacity,1,8015383.719629,8137083.756046,8137083.756046
ionet_v1,capacity,2,7227763.593728,7326096.799287,7326096.799287
ionet_v1,capacity,3,6500309.604344,6604419.596486,6604419.596486
ionet_v1,capacity,4,5841509.751245,5949075.467498,5949075.467498
ionet_v1,capacity,5,5257647.366437,5356439.785720,5356439.785720
ionet_v1,capacity,6,4727953.533904,4825575.820433,4825575.820433
ionet_v1,capacity,7,4266335.723488,4345016.372243,4345016.372243
ionet_v1,capacity,8,3846766.669465,3905395.436359,3905395.436359
ionet_v1,capacity,9,3463160.761675,3517753.225974,3517753.225974
ionet_v1,utilization,0,3.320888,3.363832,3.363832
ionet_v1,utilization,1,3.686825,3.742803,3.742803
ionet_v1,utilization,2,4.094950,4.150661,4.150661
ionet_v1,utilization,3,4.542413,4.615165,4.615165
ionet_v1,utilization,4,5.042800,5.135659,5.135659
ionet_v1,utilization,5,5.600735,5.705974,5.705974
ionet_v1,utilization,6,6.216875,6.345240,6.345240
ionet_v1,utilization,7,6.904462,7.031795,7.031795
ionet_v1,utilization,8,7.681681,7.798757,7.798757
ionet_v1,utilization,9,8.528171,8.662607,8.662607
ionet_v1,solvencyScore,0,0.000000,0.000000,0.000000
ionet_v1,solvencyScore,1,0.000000,0.000000,0.000000
ionet_v1,solvencyScore,2,0.000000,0.000000,0.000000
ionet_v1,solvencyScore,3,0.000000,0.000000,0.000000
ionet_v1,solvencyScore,4,0.000000,0.000000,0.000000
ionet_v1,solvencyScore,5,0.000000,0.000000,0.000000
ionet_v1,solvencyScore,6,0.000000,0.000000,0.000000
ionet_v1,solvencyScore,7,0.000000,0.000000,0.000000
ionet_v1,solvencyScore,8,0.000000,0.000000,0.000000
ionet_v1,solvencyScore,9,0.000000,0.000000,0.000000
ionet_v1,profit_avg_provider,0,-123.279805,-122.214595,-122.214595
ionet_v1,profit_avg_provider,1,-141.264087,-139.775564,-139.775564
ionet_v1,profit_avg_provider,2,-148.507298,-147.227020,-147.227020
ionet_v1,profit_avg_provider,3,-151.411419,-149.511981,-149.511981
ionet_v1,profit_avg_provider,4,-151.626054,-150.128916,-150.128916
ionet_v1,profit_avg_provider,5,-153.184995,-149.195519,-149.195519
ionet_v1,profit_avg_provider,6,-154.072010,-149.465686,-149.465686
ionet_v1,profit_avg_provider,7,-154.678369,-149.613802,-149.613802
ionet_v1,profit_avg_provider,8,-155.023724,-149.772248,-149.772248
ionet_v1,profit_avg_provider,9,-155.435391,-149.168173,-149.168173
ionet_v1,incentive_ratio,0,-0.801511,-0.801511,-0.801511
ionet_v1,incentive_ratio,1,-0.918587,-0.918587,-0.918587
ionet_v1,incentive_ratio,2,-0.966619,-0.966619,-0.966619
ionet_v1,incentive_ratio,3,-0.986318,-0.986318,-0.986318
ionet_v1,incentive_ratio,4,-0.994397,-0.994397,-0.994397
ionet_v1,incentive_ratio,5,-0.997705,-0.997705,-0.997705
ionet_v1,incentive_ratio,6,-0.999060,-0.999060,-0.999060
ionet_v1,incentive_ratio,7,-0.999615,-0.999615,-0.999615
ionet_v1,incentive_ratio,8,-0.999843,-0.999843,-0.999843
ionet_v1,incentive_ratio,9,-0.999936,-0.999936,-0.999936
ionet_v1,retention_absolute,0,1.000000,1.000000,1.000000
ionet_v1,retention_absolute,1,0.900000,0.900000,0.900000
ionet_v1,retention_absolute,2,0.810000,0.810000,0.810000
ionet_v1,retention_absolute,3,0.729000,0.729000,0.729000
ionet_v1,retention_absolute,4,0.656500,0.656500,0.656500
ionet_v1,retention_absolute,5,0.591000,0.591000,0.591000
ionet_v1,retention_absolute,6,0.532000,0.532000,0.532000
ionet_v1,retention_absolute,7,0.479000,0.479000,0.479000
ionet_v1,retention_absolute,8,0.431500,0.431500,0.431500
ionet_v1,retention_absolute,9,0.388500,0.388500,0.388500
ionet_v1,retention_rate,0,1.000000,1.000000,1.000000
ionet_v1,retention_rate,1,0.900000,0.900000,0.900000
ionet_v1,retention_rate,2,0.900000,0.900000,0.900000
ionet_v1,retention_rate,3,0.900000,0.900000,0.900000
ionet_v1,retention_rate,4,0.900549,0.900549,0.900549
ionet_v1,retention_rate,5,0.900228,0.900228,0.900228
ionet_v1,retention_rate,6,0.900169,0.900169,0.900169
ionet_v1,retention_rate,7,0.900376,0.900376,0.900376
ionet_v1,retention_rate,8,0.900835,0.900835,0.900835
ionet_v1,retention_rate,9,0.900348,0.900348,0.900348
nosana_v1,price,0,3.500000,3.500000,3.500000
nosana_v1,price,1,1.287578,1.287578,1.287578
nosana_v1,price,2,0.473673,0.473673,0.473673
nosana_v1,price,3,0.174255,0.174255,0.174255
nosana_v1,price,4,0.064105,0.064105,0.064105
nosana_v1,price,5,0.023583,0.023583,0.023583
nosana_v1,price,6,0.008676,0.008676,0.008676
nosana_v1,price,7,0.003192,0.003192,0.003192
nosana_v1,price,8,0.001174,0.001174,0.001174
nosana_v1,price,9,0.000432,0.000432,0.000432
nosana_v1,supply,0,48176977.750133,48176977.750133,48176977.750133
nosana_v1,supply,1,48353955.500266,48353955.500266,48353955.500266
nosana_v1,supply,2,48530936.480399,48530937.810399,48530937.810399
nosana_v1,supply,3,48707891.430532,48707895.800532,48707895.800532
nosana_v1,supply,4,48884853.220665,48884861.390665,48884861.390665
nosana_v1,supply,5,49061854.530798,49061866.120798,49061866.120798
nosana_v1,supply,6,49238891.370930,49238906.000930,49238906.000930
nosana_v1,supply,7,49415960.131063,49415977.611063,49415977.611063
nosana_v1,supply,8,49593057.771196,49593077.721196,49593077.721196
nosana_v1,supply,9,49770181.251329,49770203.481329,49770203.481329
nosana_v1,minted,0,176977.750133,176977.750133,176977.750133
nosana_v1,minted,1,176977.750133,176977.750133,176977.750133
nosana_v1,minted,2,176980.980133,176982.310133,176982.310133
nosana_v1,minted,3,176954.950133,176957.990133,176957.990133
nosana_v1,minted,4,176961.790133,176965.590133,176965.590133
nosana_v1,minted,5,177001.310133,177004.730133,177004.730133
nosana_v1,minted,6,177036.840133,177039.880133,177039.880133
nosana_v1,minted,7,177068.760133,177071.610133,177071.610133
nosana_v1,minted,8,177097.640133,177100.110133,177100.110133
nosana_v1,minted,9,177123.480133,177125.760133,177125.760133
nosana_v1,burned,0,0.000000,0.000000,0.000000
nosana_v1,burned,1,0.000000,0.000000,0.000000
nosana_v1,burned,2,0.000000,0.000000,0.000000
nosana_v1,burned,3,0.000000,0.000000,0.000000
nosana_v1,burned,4,0.000000,0.000000,0.000000
nosana_v1,burned,5,0.000000,0.000000,0.000000
nosana_v1,burned,6,0.000000,0.000000,0.000000
nosana_v1,burned,7,0.000000,0.000000,0.000000
nosana_v1,burned,8,0.000000,0.000000,0.000000
nosana_v1,burned,9,0.000000,0.000000,0.000000
nosana_v1,providers,0,3000.000000,3000.000000,3000.000000
nosana_v1,providers,1,3000.000000,3000.000000,3000.000000
nosana_v1,providers,2,2964.000000,2974.500000,2974.500000
nosana_v1,providers,3,3156.000000,3180.000000,3180.000000
nosana_v1,providers,4,3096.000000,3126.000000,3126.000000
nosana_v1,providers,5,2787.000000,2814.000000,2814.000000
nosana_v1,providers,6,2509.500000,2533.500000,2533.500000
nosana_v1,providers,7,2259.000000,2281.500000,2281.500000
nosana_v1,providers,8,2034.000000,2053.500000,2053.500000
nosana_v1,providers,9,1831.500000,1849.500000,1849.500000
nosana_v1,capacity,0,535104.014586,542023.754914,542023.754914
nosana_v1,capacity,1,535104.014586,542023.754914,542023.754914
nosana_v1,capacity,2,529695.343556,538308.217868,538308.217868
nosana_v1,capacity,3,566809.404246,575205.978867,575205.978867
nosana_v1,capacity,4,556494.219121,567355.244779,567355.244779
nosana_v1,capacity,5,500809.867235,510518.658912,510518.658912
nosana_v1,capacity,6,450698.680866,459485.713501,459485.713501
nosana_v1,capacity,7,407168.707777,414158.050128,414158.050128
nosana_v1,capacity,8,366520.793804,371975.622717,371975.622717
nosana_v1,capacity,9,329716.491175,334728.065981,334728.065981
nosana_v1,utilization,0,3.320888,3.363832,3.363832
nosana_v1,utilization,1,3.320888,3.363832,3.363832
nosana_v1,utilization,2,3.343809,3.398180,3.398180
nosana_v1,utilization,3,3.129314,3.175671,3.175671
nosana_v1,utilization,4,3.172615,3.234535,3.234535
nosana_v1,utilization,5,3.525826,3.594178,3.594178
nosana_v1,utilization,6,3.917423,3.993799,3.993799
nosana_v1,utilization,7,4.346167,4.420772,4.420772
nosana_v1,utilization,8,4.839027,4.911045,4.911045
nosana_v1,utilization,9,5.377499,5.459236,5.459236
nosana_v1,solvencyScore,0,0.000000,0.000000,0.000000
nosana_v1,solvencyScore,1,0.000000,0.000000,0.000000
nosana_v1,solvencyScore,2,0.000000,0.000000,0.000000
nosana_v1,solvencyScore,3,0.000000,0.000000,0.000000
nosana_v1,solvencyScore,4,0.000000,0.000000,0.000000
nosana_v1,solvencyScore,5,0.000000,0.000000,0.000000
nosana_v1,solvencyScore,6,0.000000,0.000000,0.000000
nosana_v1,solvencyScore,7,0.000000,0.000000,0.000000
nosana_v1,solvencyScore,8,0.000000,0.000000,0.000000
nosana_v1,solvencyScore,9,0.000000,0.000000,0.000000
nosana_v1,profit_avg_provider,0,165.659872,165.943928,165.943928
nosana_v1,profit_avg_provider,1,35.143385,35.427441,35.427441
nosana_v1,profit_avg_provider,2,-12.259615,-12.170549,-12.170549
nosana_v1,profit_avg_provider,3,-30.156162,-30.077037,-30.077037
nosana_v1,profit_avg_provider,4,-36.183449,-35.720023,-35.720023
nosana_v1,profit_avg_provider,5,-38.406562,-38.006309,-38.006309
nosana_v1,profit_avg_provider,6,-39.171750,-38.709339,-38.709339
nosana_v1,profit_avg_provider,7,-39.391383,-38.934344,-38.934344
nosana_v1,profit_avg_provider,8,-39.726290,-39.171433,-39.171433
nosana_v1,profit_avg_provider,9,-40.015760,-39.637059,-39.637059
nosana_v1,incentive_ratio,0,0.500000,0.500000,0.500000
nosana_v1,incentive_ratio,1,4.161851,4.161851,4.161851
nosana_v1,incentive_ratio,2,0.898939,0.898939,0.898939
nosana_v1,incentive_ratio,3,-0.295418,-0.292916,-0.292916
nosana_v1,incentive_ratio,4,-0.757585,-0.755737,-0.755737
nosana_v1,incentive_ratio,5,-0.909276,-0.908395,-0.908395
nosana_v1,incentive_ratio,6,-0.962916,-0.962556,-0.962556
nosana_v1,incentive_ratio,7,-0.984844,-0.984699,-0.984699
nosana_v1,incentive_ratio,8,-0.993807,-0.993746,-0.993746
nosana_v1,incentive_ratio,9,-0.997469,-0.997444,-0.997444
nosana_v1,retention_absolute,0,1.000000,1.000000,1.000000
nosana_v1,retention_absolute,1,1.000000,1.000000,1.000000
nosana_v1,retention_absolute,2,0.988000,0.991500,0.991500
nosana_v1,retention_absolute,3,1.052000,1.060000,1.060000
nosana_v1,retention_absolute,4,1.032000,1.042000,1.042000
nosana_v1,retention_absolute,5,0.929000,0.938000,0.938000
nosana_v1,retention_absolute,6,0.836500,0.844500,0.844500
nosana_v1,retention_absolute,7,0.753000,0.760500,0.760500
nosana_v1,retention_absolute,8,0.678000,0.684500,0.684500
nosana_v1,retention_absolute,9,0.610500,0.616500,0.616500
nosana_v1,retention_rate,0,1.000000,1.000000,1.000000
nosana_v1,retention_rate,1,1.000000,1.000000,1.000000
nosana_v1,retention_rate,2,0.988000,0.991500,0.991500
nosana_v1,retention_rate,3,0.912955,0.917801,0.917801
nosana_v1,retention_rate,4,0.900000,0.900190,0.900190
nosana_v1,retention_rate,5,0.900192,0.900194,0.900194
nosana_v1,retention_rate,6,0.900320,0.900431,0.900431
nosana_v1,retention_rate,7,0.900179,0.900533,0.900533
nosana_v1,retention_rate,8,0.900066,0.900398,0.900398
nosana_v1,retention_rate,9,0.900442,0.900657,0.900657
geodnet_v1,price,0,0.150000,0.150000,0.150000
geodnet_v1,price,1,0.055182,0.055182,0.055182
geodnet_v1,price,2,0.020300,0.020300,0.020300
geodnet_v1,price,3,0.007468,0.007468,0.007468
geodnet_v1,price,4,0.002747,0.002747,0.002747
geodnet_v1,price,5,0.001011,0.001011,0.001011
geodnet_v1,price,6,0.000525,0.000557,0.000557
geodnet_v1,price,7,0.001427,0.001515,0.001515
geodnet_v1,price,8,0.000525,0.000557,0.000557
geodnet_v1,price,9,0.001427,0.001515,0.001515
geodnet_v1,supply,0,442415433.354366,442415474.580917,442415474.580917
geodnet_v1,supply,1,444821480.360550,444821636.223100,444821636.223100
geodnet_v1,supply,2,447187534.762706,447187615.625256,447187615.625256
geodnet_v1,supply,3,449351945.471674,449351959.667557,449351959.667557
geodnet_v1,supply,4,450965460.233433,450965504.370883,450965504.370883
geodnet_v1,supply,5,451079145.654197,451079239.791647,451079239.791647
geodnet_v1,supply,6,448996940.153048,449262914.447162,449262914.447162
geodnet_v1,supply,7,449805529.592978,450169333.735567,450169333.735567
geodnet_v1,supply,8,447725207.425162,448354875.057749,448354875.057749
geodnet_v1,supply,9,448535488.531758,449262977.679487,449262977.679487
geodnet_v1,minted,0,2482662.633072,2482662.633072,2482662.633072
geodnet_v1,minted,1,2482870.966406,2482895.966406,2482895.966406
geodnet_v1,minted,2,2484204.299739,2484279.299739,2484279.299739
geodnet_v1,minted,3,2485712.633072,2485779.299739,2485779.299739
geodnet_v1,minted,4,2487070.966406,2487129.299739,2487129.299739
geodnet_v1,minted,5,2488295.966406,2488345.966406,2488345.966406
geodnet_v1,minted,6,2489395.966406,2489437.633072,2489437.633072
geodnet_v1,minted,7,2490387.633072,2490420.966406,2490420.966406
geodnet_v1,minted,8,2491279.299739,2491304.299739,2491304.299739
geodnet_v1,minted,9,2492079.299739,2492104.299739,2492104.299739
geodnet_v1,burned,0,67188.052155,67229.278706,67229.278706
geodnet_v1,burned,1,76734.324223,76823.960222,76823.960222
geodnet_v1,burned,2,118224.897583,118224.897583,118224.897583
geodnet_v1,burned,3,321368.590771,321368.590771,321368.590771
geodnet_v1,burned,4,873570.400530,873570.400530,873570.400530
geodnet_v1,burned,5,2374610.545641,2374610.545641,2374610.545641
geodnet_v1,burned,6,4305762.977558,4571601.467555,4571601.467555
geodnet_v1,burned,7,1584001.678001,1681798.193143,1681798.193143
geodnet_v1,burned,8,4305762.977558,4571601.467555,4571601.467555
geodnet_v1,burned,9,1584001.678001,1681798.193143,1681798.193143
geodnet_v1,providers,0,10000.000000,10000.000000,10000.000000
geodnet_v1,providers,1,9860.000000,9875.000000,9875.000000
geodnet_v1,providers,2,9030.000000,9075.000000,9075.000000
geodnet_v1,providers,3,8130.000000,8170.000000,8170.000000
geodnet_v1,providers,4,7320.000000,7355.000000,7355.000000
geodnet_v1,providers,5,6590.000000,6620.000000,6620.000000
geodnet_v1,providers,6,5935.000000,5960.000000,5960.000000
geodnet_v1,providers,7,5345.000000,5365.000000,5365.000000
geodnet_v1,providers,8,4815.000000,4830.000000,4830.000000
geodnet_v1,providers,9,4335.000000,4350.000000,4350.000000
geodnet_v1,capacity,0,1783680.048619,1806745.849714,1806745.849714
geodnet_v1,capacity,1,1766294.109317,1786705.809609,1786705.809609
geodnet_v1,capacity,2,1619520.710941,1647547.825674,1647547.825674
geodnet_v1,capacity,3,1462018.617819,1487177.109591,1487177.109591
geodnet_v1,capacity,4,1317116.919711,1340032.279821,1340032.279821
geodnet_v1,capacity,5,1185958.620217,1208310.109005,1208310.109005
geodnet_v1,capacity,6,1067890.104285,1089956.070270,1089956.070270
geodnet_v1,capacity,7,962380.226816,978537.477967,978537.477967
geodnet_v1,capacity,8,867225.925793,879857.675832,879857.675832
geodnet_v1,capacity,9,781233.511555,793969.324189,793969.324189
geodnet_v1,utilization,0,3.320888,3.363832,3.363832
geodnet_v1,utilization,1,3.358135,3.396943,3.396943
geodnet_v1,utilization,2,3.641776,3.704800,3.704800
geodnet_v1,utilization,3,4.034489,4.103915,4.103915
geodnet_v1,utilization,4,4.477504,4.555404,4.555404
geodnet_v1,utilization,5,4.965613,5.059198,5.059198
geodnet_v1,utilization,6,5.504809,5.618556,5.618556
geodnet_v1,utilization,7,6.131600,6.234542,6.234542
geodnet_v1,utilization,8,6.819285,6.918612,6.918612
geodnet_v1,utilization,9,7.556967,7.680162,7.680162
geodnet_v1,solvencyScore,0,0.027063,0.027080,0.027080
geodnet_v1,solvencyScore,1,0.030905,0.030942,0.030942
geodnet_v1,solvencyScore,2,0.047589,0.047591,0.047591
geodnet_v1,solvencyScore,3,0.129283,0.129286,0.129286
geodnet_v1,solvencyScore,4,0.351236,0.351245,0.351245
geodnet_v1,solvencyScore,5,0.954293,0.954312,0.954312
geodnet_v1,solvencyScore,6,1.729613,1.836430,1.836430
geodnet_v1,solvencyScore,7,0.636038,0.675316,0.675316
geodnet_v1,solvencyScore,8,1.728317,1.835042,1.835042
geodnet_v1,solvencyScore,9,0.635608,0.674857,0.674857
geodnet_v1,profit_avg_provider,0,16.832854,16.974882,16.974882
geodnet_v1,profit_avg_provider,1,-6.435065,-6.248076,-6.248076
geodnet_v1,profit_avg_provider,2,-14.465133,-14.345128,-14.345128
geodnet_v1,profit_avg_provider,3,-17.604849,-17.475067,-17.475067
geodnet_v1,profit_avg_provider,4,-18.999881,-18.822663,-18.822663
geodnet_v1,profit_avg_provider,5,-19.632288,-19.315086,-19.315086
geodnet_v1,profit_avg_provider,6,-19.630942,-19.322370,-19.322370
geodnet_v1,profit_avg_provider,7,-19.285322,-18.915937,-18.915937
geodnet_v1,profit_avg_provider,8,-19.858532,-19.351100,-19.351100
geodnet_v1,profit_avg_provider,9,-19.364291,-18.774524,-18.774524
geodnet_v1,incentive_ratio,0,0.861997,0.861997,0.861997
geodnet_v1,incentive_ratio,1,-0.306281,-0.305218,-0.305218
geodnet_v1,incentive_ratio,2,-0.722148,-0.720755,-0.720755
geodnet_v1,incentive_ratio,3,-0.886393,-0.885831,-0.885831
geodnet_v1,incentive_ratio,4,-0.953550,-0.953326,-0.953326
geodnet_v1,incentive_ratio,5,-0.981005,-0.980918,-0.980918
geodnet_v1,incentive_ratio,6,-0.989036,-0.988310,-0.988310
geodnet_v1,incentive_ratio,7,-0.966879,-0.964702,-0.964702
geodnet_v1,incentive_ratio,8,-0.986461,-0.985580,-0.985580
geodnet_v1,incentive_ratio,9,-0.959123,-0.956449,-0.956449
geodnet_v1,retention_absolute,0,1.000000,1.000000,1.000000
geodnet_v1,retention_absolute,1,0.986000,0.987500,0.987500
geodnet_v1,retention_absolute,2,0.903000,0.907500,0.907500
geodnet_v1,retention_absolute,3,0.813000,0.817000,0.817000
geodnet_v1,retention_absolute,4,0.732000,0.735500,0.735500
geodnet_v1,retention_absolute,5,0.659000,0.662000,0.662000
geodnet_v1,retention_absolute,6,0.593500,0.596000,0.596000
geodnet_v1,retention_absolute,7,0.534500,0.536500,0.536500
geodnet_v1,retention_absolute,8,0.481500,0.483000,0.483000
geodnet_v1,retention_absolute,9,0.433500,0.435000,0.435000
geodnet_v1,retention_rate,0,1.000000,1.000000,1.000000
geodnet_v1,retention_rate,1,0.986000,0.987500,0.987500
geodnet_v1,retention_rate,2,0.914430,0.920385,0.920385
geodnet_v1,retention_rate,3,0.900275,0.900332,0.900332
geodnet_v1,retention_rate,4,0.900245,0.900369,0.900369
geodnet_v1,retention_rate,5,0.900068,0.900273,0.900273
geodnet_v1,retention_rate,6,0.900302,0.900607,0.900607
geodnet_v1,retention_rate,7,0.900168,0.900590,0.900590
geodnet_v1,retention_rate,8,0.900280,0.900842,0.900842
geodnet_v1,retention_rate,9,0.900312,0.900621,0.900621
